playerid,Name,Team,POS,G,PA,IP,WAR,value
10954,Jacob deGrom,FA,SP,29,0,172,5.5,45111765
16137,Carlos Rodón,FA,SP,31,0,181,4.7,32478220
8700,Justin Verlander,FA,SP,31,0,190,4.2,45336103
15423,Andrew Heaney,FA,SP,26,0,140,2.5,11639459
12304,Chris Bassitt,FA,SP,32,0,196,2.5,21040210
9132,Nathan Eovaldi,FA,SP,28,0,155,2.4,16733880
11423,José Quintana,FA,SP,31,0,167,2,14209874
11674,Jameson Taillon,FA,SP,31,0,178,2,14596995
15873,Sean Manaea,FA,SP,28,0,154,1.9,11981447
6902,Martín Pérez,FA,SP,32,0,191,1.9,17921941
12880,Tyler Anderson,FA,SP,31,0,185,1.8,13642924
2429,Corey Kluber,FA,SP,29,0,159,1.7,9786684
13273,Ross Stripling,FA,SP,28,0,147,1.5,17576905
11836,Taijuan Walker,FA,SP,29,0,161,1.5,13953086
14078,Michael Wacha,FA,SP,28,0,150,1.5,11985930
13774,Zach Eflin,FA,SP,26,0,146,1.4,13786511
15440,Matthew Boyd,FA,SP,26,0,153,1.4,2000000
11762,Noah Syndergaard,FA,SP,28,0,153,1.4,15287228
10123,Kyle Gibson,FA,SP,29,0,172,1.3,12095550
11760,Drew Smyly,FA,SP,24,0,129,1.3,14527815
12808,Mike Clevinger,FA,SP,28,0,151,1.3,10382643
3542,Danny Duffy,FA,RP,40,0,114,1.2,2000000
8779,Wade Miley,FA,SP,23,0,125,1.1,2000000
10021,Mike Minor,FA,SP,24,0,134,1.1,2000000
1943,Zack Greinke,FA,SP,24,0,136,1,10439187
14843,Michael Lorenzen,FA,SP,23,0,127,1,9545387
4806,Rich Hill,FA,SP,19,0,102,1,2000000
16918,Luke Weaver,FA,RP,44,0,117,0.9,2000000
6893,Johnny Cueto,FA,SP,26,0,152,0.9,14700083
16977,Trevor Williams,FA,SP,41,0,132,0.8,2000000
7593,Jordan Lyles,FA,SP,29,0,166,0.8,17273737
5372,Michael Pineda,FA,SP,21,0,112,0.7,2000000
13449,Taylor Rogers,FA,RP,63,0,63,0.7,13142114
16502,Ryan Yarbrough,FA,SP,24,0,133,0.7,2000000
13183,Zach Davies,FA,SP,28,0,145,0.6,6456838
11189,Vince Velasquez,FA,SP,37,0,126,0.5,2000000
11589,José Ureña,FA,SP,23,0,123,0.5,2000000
6345,Chris Archer,FA,SP,23,0,114,0.5,2000000
10233,Aroldis Chapman,FA,RP,53,0,53,0.5,6654567
12917,Dylan Bundy,FA,SP,28,0,145,0.5,12361823
6655,Craig Kimbrel,FA,RP,61,0,61,0.5,6199461
12760,Rafael Montero,FA,RP,65,0,65,0.4,8190360
14975,Chad Kuhl,FA,SP,23,0,122,0.4,9410263
1247,Adam Ottavino,FA,RP,64,0,64,0.4,4884082
4972,Cole Hamels,FA,SP,13,0,74,0.4,2000000
12988,Andrew Chafin,FA,RP,64,0,64,0.4,2000000
9434,Dallas Keuchel,FA,SP,15,0,78,0.4,2000000
12972,Joe Ross,FA,SP,8,0,46,0.4,2000000
13435,Pierce Johnson,FA,RP,60,0,60,0.4,2000000
17425,Erick Fedde,FA,RP,35,0,96,0.4,2000000
12447,Seth Lugo,FA,RP,65,0,65,0.4,7273839
6398,Trevor May,FA,RP,61,0,61,0.3,2000000
11384,Tommy Kahnle,FA,RP,60,0,60,0.3,2000000
8241,David Robertson,FA,RP,62,0,62,0.3,8969540
3284,Aníbal Sánchez,FA,SP,23,0,124,0.3,2000000
3096,Kenley Jansen,FA,RP,63,0,63,0.3,13844487
11752,Luke Jackson,FA,RP,50,0,50,0.3,2000000
11487,Joely Rodríguez,FA,RP,62,0,62,0.2,2000000
10745,Trevor Rosenthal,FA,RP,57,0,57,0.2,2000000
8223,Brett Anderson,FA,SP,6,0,34,0.2,2000000
15552,Chad Green,FA,RP,32,0,32,0.2,2000000
5448,Jesse Chavez,FA,RP,48,0,48,0.2,2000000
14542,Carlos Estévez,FA,RP,63,0,63,0.2,2000000
13218,Michael Fulmer,FA,RP,64,0,64,0.2,2000000
15684,Miguel Castro,FA,RP,64,0,64,0.2,2000000
27505,Kohei Arihara,FA,SP,6,0,35,0.1,2000000
10591,Scott Alexander,FA,RP,62,0,62,0.1,2000000
1890,Matt Moore,FA,RP,66,0,66,0.1,3389399
13475,Daniel Norris,FA,RP,52,0,52,0.1,2000000
7432,Jay Jackson,FA,RP,24,0,24,0.1,2000000
3192,Will Harris,FA,RP,33,0,33,0.1,2000000
7608,Tommy Milone,FA,SP,8,0,45,0.1,2000000
10314,Erasmo Ramirez,FA,RP,50,0,50,0.1,2000000
11490,Aaron Sanchez,FA,RP,33,0,83,0.1,2000000
7882,Josh Lindblom,FA,SP,11,0,64,0.1,2000000
7274,Craig Stammen,FA,RP,44,0,44,0.1,2000000
14665,Jandel Gustave,FA,RP,34,0,34,0.1,2000000
10547,Jimmy Nelson,FA,RP,48,0,48,0.1,2000000
18282,Jarlín García,FA,RP,56,0,56,0.1,2000000
17783,Jake Brentz,FA,RP,12,0,12,0.1,2000000
19456,Kyle Funkhouser,FA,RP,40,0,40,0.1,2000000
14682,Luis Perdomo,FA,RP,38,0,38,0.1,2000000
7550,Jake McGee,FA,RP,46,0,46,0.1,2000000
13763,Dominic Leone,FA,RP,54,0,54,0.1,2000000
15015,Alex Reyes,FA,RP,42,0,42,0.1,2000000
15010,Corey Knebel,FA,RP,52,0,52,0.1,5174002
13911,Scott Oberg,FA,RP,24,0,24,0.1,2000000
12910,Ken Giles,FA,RP,48,0,48,0.1,2000000
3240,Zack Britton,FA,RP,55,0,55,0.1,2000000
1157,Tommy Hunter,FA,RP,22,0,22,0.1,2000000
8048,Will Smith,FA,RP,62,0,62,0,2000000
6316,David Phelps,FA,RP,62,0,62,0,2000000
4301,Justin Wilson,FA,RP,25,0,25,0,2000000
10430,Mychal Givens,FA,RP,61,0,61,0,2000000
27515,Hirokazu Sawamura,FA,RP,47,0,47,0,2000000
13293,Danny Coulombe,FA,RP,28,0,28,0,2000000
13932,Dietrich Enns,FA,RP,1,0,1,0,2000000
19712,Patrick Murphy,FA,RP,1,0,1,0,2000000
17759,Angel Perdomo,FA,RP,1,0,1,0,2000000
5498,Arodys Vizcaíno,FA,RP,1,0,1,0,2000000
16440,James Norwood,FA,RP,1,0,1,0,2000000
14443,Kyuji Fujikawa,FA,RP,1,0,1,0,2000000
3184,David Price,FA,RP,1,0,1,0,2000000
18,Neftalí Feliz,FA,RP,1,0,1,0,2000000
21333,Seth Romero,FA,RP,1,0,1,0,2000000
13764,Roberto Osuna,FA,RP,1,0,1,0,2000000
7175,Jonny Venters,FA,RP,1,0,1,0,2000000
27460,Shun Yamaguchi,FA,RP,1,0,1,0,2000000
15849,Kent Emanuel,FA,RP,1,0,1,0,2000000
5365,Manny Bañuelos,FA,RP,1,0,1,0,2000000
4338,Tyler Chatwood,FA,RP,1,0,1,0,2000000
14420,Jackson Stephens,FA,RP,1,0,1,0,2000000
9784,Garrett Richards,FA,RP,1,0,1,0,2000000
10160,Ryan Weber,FA,RP,1,0,1,0,2000000
15463,José De León,FA,RP,1,0,1,0,2000000
12297,Evan Marshall,FA,RP,1,0,1,0,2000000
11121,Casey Lawrence,FA,RP,1,0,1,0,2000000
16958,Jake Jewell,FA,RP,1,0,1,0,2000000
17793,Trey Wingenter,FA,RP,1,0,1,0,2000000
11710,Sam Dyson,FA,RP,1,0,1,0,2000000
12578,DJ Johnson,FA,RP,1,0,1,0,2000000
8490,Buddy Boshers,FA,RP,1,0,1,0,2000000
12580,Adam Morgan,FA,RP,1,0,1,0,2000000
14844,Matt Dermody,FA,RP,1,0,1,0,2000000
13287,Jesse Hahn,FA,RP,1,0,1,0,2000000
15232,Cody Reed,FA,RP,1,0,1,0,2000000
12317,Colin Rea,FA,RP,1,0,1,0,2000000
16201,Justin Anderson,FA,RP,1,0,1,0,2000000
10066,Ian Krol,FA,RP,1,0,1,0,2000000
19518,Tanner Tully,FA,RP,1,0,1,0,2000000
11528,Josh Osich,FA,RP,1,0,1,0,2000000
14506,J.B. Wendelken,FA,RP,1,0,1,0,2000000
11437,Jesse Biddle,FA,RP,1,0,1,0,2000000
12778,Sam Gaviglio,FA,RP,1,0,1,0,2000000
16432,Foster Griffin,FA,RP,1,0,1,0,2000000
sa658076,Jesús Liranzo,FA,RP,1,0,1,0,2000000
18318,Jacob Waguespack,FA,RP,1,0,1,0,2000000
sa3006177,Adrian Hernandez,FA,RP,1,0,1,0,2000000
18769,Cody Poteet,FA,RP,1,0,1,0,2000000
16904,Aaron Wilkerson,FA,RP,1,0,1,0,2000000
19261,Ian Hamilton,FA,RP,1,0,1,0,2000000
16943,Sean Newcomb,FA,RP,1,0,1,0,2000000
16159,Jace Fry,FA,RP,1,0,1,0,2000000
sa657689,Anthony Vizcaya,FA,RP,1,0,1,0,2000000
5257,Wilmer Font,FA,RP,1,0,1,0,2000000
10819,R.J. Alaniz,FA,RP,1,0,1,0,2000000
14706,Anthony Banda,FA,RP,1,0,1,0,2000000
9866,Chaz Roe,FA,RP,1,0,1,0,2000000
14508,Randy Rosario,FA,RP,1,0,1,0,2000000
9794,Rex Brothers,FA,RP,1,0,1,0,2000000
15832,Paul Fry,FA,RP,1,0,1,0,2000000
7196,Greg Holland,FA,RP,1,0,1,0,2000000
20205,Jeremy Beasley,FA,RP,1,0,1,0,2000000
18251,Art Warren,FA,RP,1,0,1,0,2000000
13606,Shawn Morimando,FA,RP,1,0,1,0,2000000
16279,Sam Clay,FA,RP,1,0,1,0,2000000
12361,Spencer Patton,FA,RP,1,0,1,0,2000000
5530,Nik Turley,FA,RP,1,0,1,0,2000000
15764,Masahiro Tanaka,FA,RP,1,0,1,0,2000000
20186,Brendan McKay,FA,RP,1,0,1,0,2000000
13046,Tsuyoshi Wada,FA,RP,1,0,1,0,2000000
27458,Kwang Hyun Kim,FA,RP,1,0,1,0,2000000
3677,Logan Ondrusek,FA,RP,1,0,1,0,2000000
404,CC Sabathia,FA,RP,1,0,1,0,2000000
4897,Scott Kazmir,FA,RP,1,0,1,0,2000000
sa3015038,Shun Yamaguchi,FA,RP,1,0,1,0,2000000
20298,Jhonathan Diaz,FA,RP,1,0,1,0,2000000
sa3004347,Denny Brady,FA,RP,1,0,1,0,2000000
6576,Robert Stock,FA,RP,1,0,1,0,2000000
sa918144,Jesse Scholtens,FA,RP,1,0,1,0,2000000
sa599473,David Kubiak,FA,RP,1,0,1,0,2000000
15502,Kohl Stewart,FA,RP,1,0,1,0,2000000
sa709032,Jake Kalish,FA,RP,1,0,1,0,2000000
sa598974,Matt Tomshaw,FA,RP,1,0,1,0,2000000
17030,Ariel Jurado,FA,RP,1,0,1,0,2000000
7853,Andrew Albers,FA,RP,1,0,1,0,2000000
sa869541,Luke Westphal,FA,RP,1,0,1,0,2000000
3551,Clayton Richard,FA,RP,1,0,1,0,2000000
4776,Matt Shoemaker,FA,RP,1,0,1,0,2000000
27517,Jared Koenig,FA,RP,1,0,1,0,2000000
sa3008654,Shumpei Yoshikawa,FA,RP,1,0,1,0,2000000
8362,Homer Bailey,FA,RP,1,0,1,0,2000000
sa872530,Leo Crawford,FA,RP,1,0,1,0,2000000
sa3008037,Ethan Evanko,FA,RP,1,0,1,0,2000000
10962,Jake Buchanan,FA,RP,1,0,1,0,2000000
sa501327,Brooks Hall,FA,RP,1,0,1,0,2000000
12143,Jason García,FA,RP,1,0,1,0,2000000
10130,Mike Leake,FA,RP,1,0,1,0,2000000
sa3004585,Ryan Wilson,FA,RP,1,0,1,0,2000000
16466,Brent Honeywell Jr.,FA,RP,1,0,1,0,2000000
sa828317,Enmanuel De Jesus,FA,RP,1,0,1,0,2000000
sa738963,Frank Duncan,FA,RP,1,0,1,0,2000000
2717,Rick Porcello,FA,RP,1,0,1,0,2000000
sa829237,Brandon Barker,FA,RP,1,0,1,0,2000000
sa599472,Markus Solbach,FA,RP,1,0,1,0,2000000
sa1120125,Reid Anderson,FA,RP,1,0,1,0,2000000
sa3010380,Ethan Elliott,FA,RP,1,0,1,0,2000000
sa920718,Steven Moyers,FA,RP,1,0,1,0,2000000
7410,J.A. Happ,FA,RP,1,0,1,0,2000000
sa3015297,Cole Stringer,FA,RP,1,0,1,0,2000000
sa3007733,Aiden McIntyre,FA,RP,1,0,1,0,2000000
11682,Carlos Martinez,FA,RP,1,0,1,0,2000000
sa3004475,Jake Dahlberg,FA,RP,1,0,1,0,2000000
8782,Andrew Cashner,FA,RP,1,0,1,0,2000000
10968,Tim Adleman,FA,RP,1,0,1,0,2000000
11713,Matt Harvey,FA,RP,1,0,1,0,2000000
4257,David Huff,FA,RP,1,0,1,0,2000000
sa875616,Justin Donatella,FA,RP,1,0,1,0,2000000
19705,Matt Swarmer,FA,RP,1,0,1,0,2000000
sa597825,Bryan Brickhouse,FA,RP,1,0,1,0,2000000
sa918537,Zach Matson,FA,RP,1,0,1,0,2000000
6249,Trevor Cahill,FA,RP,1,0,1,0,2000000
sa3008025,Paul Richan,FA,RP,1,0,1,0,2000000
13684,John Gant,FA,RP,1,0,1,0,2000000
sa830370,Bo Takahashi,FA,RP,1,0,1,0,2000000
sa3015131,Kevin McGovern,FA,RP,1,0,1,0,2000000
sa873321,Cesar Rosado,FA,RP,1,0,1,0,2000000
4772,Félix Hernández,FA,RP,1,0,1,0,2000000
4153,Jake Arrieta,FA,RP,1,0,1,0,2000000
sa917771,Carlos Ocampo,FA,RP,1,0,1,0,2000000
19865,Charlie Barnes,FA,RP,1,0,1,0,2000000
10732,Drew Hutchison,FA,RP,1,0,1,0,2000000
sa918008,Mikey York,FA,RP,1,0,1,0,2000000
12905,Logan Verrett,FA,RP,1,0,1,0,2000000
sa738376,Tyler Alexander,FA,RP,1,0,1,0,2000000
sa875762,Jordan Humphreys,FA,RP,1,0,1,0,2000000
14934,Aaron Blair,FA,RP,1,0,1,0,2000000
sa738512,Garrett Williams,FA,RP,1,0,1,0,2000000
sa3004494,Austin Warner,FA,RP,1,0,1,0,2000000
sa923839,Jose Bravo,FA,RP,1,0,1,0,2000000
14663,Chi Chi González,FA,RP,1,0,1,0,2000000
19487,Devin Smeltzer,FA,RP,1,0,1,0,2000000
23465,Tommy Romero,FA,RP,1,0,1,0,2000000
sa1052944,Justin Lasko,FA,RP,1,0,1,0,2000000
sa736761,Emilio Vargas,FA,RP,1,0,1,0,2000000
sa691863,Mario Sanchez,FA,RP,1,0,1,0,2000000
sa872724,Brandon Gold,FA,RP,1,0,1,0,2000000
11346,Seth Frankoff,FA,RP,1,0,1,0,2000000
16125,Chris Ellis,FA,RP,1,0,1,0,2000000
sa658192,Ryan Kellogg,FA,RP,1,0,1,0,2000000
sa658002,Dylan Baker,FA,RP,1,0,1,0,2000000
sa874187,Wyatt Short,FA,RP,1,0,1,0,2000000
3543,Clay Buchholz,FA,RP,1,0,1,0,2000000
sa918420,Connor Grey,FA,RP,1,0,1,0,2000000
sa874754,Nathan Kirby,FA,RP,1,0,1,0,2000000
sa917740,Faustino Carrera,FA,RP,1,0,1,0,2000000
sa875610,Matthew Kent,FA,RP,1,0,1,0,2000000
sa918951,Brian Keller,FA,RP,1,0,1,0,2000000
sa918264,Brandon Lawson,FA,RP,1,0,1,0,2000000
sa829242,Dustin Beggs,FA,RP,1,0,1,0,2000000
sa877526,Jesus Vargas,FA,RP,1,0,1,0,2000000
sa737361,Gerson Garabito,FA,RP,1,0,1,0,2000000
3292,Hector Noesí,FA,RP,1,0,1,0,2000000
sa738902,Scott Moss,FA,RP,1,0,1,0,2000000
sa913084,Matt Milburn,FA,RP,1,0,1,0,2000000
sa874796,Juan Hillman,FA,RP,1,0,1,0,2000000
sa918347,Ben Krauth,FA,RP,1,0,1,0,2000000
10811,Mike Foltynewicz,FA,RP,1,0,1,0,2000000
18699,Nick Neidert,FA,RP,1,0,1,0,2000000
sa658377,David Hill,FA,RP,1,0,1,0,2000000
sa657701,Jesús Castillo,FA,RP,1,0,1,0,2000000
sa3010573,Matteo Bocchi,FA,RP,1,0,1,0,2000000
4930,Jon Lester,FA,RP,1,0,1,0,2000000
12664,Jerad Eickhoff,FA,RP,1,0,1,0,2000000
sa875229,Kyle Friedrichs,FA,RP,1,0,1,0,2000000
17553,Andrew Moore,FA,RP,1,0,1,0,2000000
10836,Asher Wojciechowski,FA,RP,1,0,1,0,2000000
sa658278,Luc Rennie,FA,RP,1,0,1,0,2000000
5221,Wade LeBlanc,FA,RP,1,0,1,0,2000000
sa3006806,Taylor Varnell,FA,RP,1,0,1,0,2000000
sa828505,Harol González,FA,RP,1,0,1,0,2000000
9559,Austin Bibens-Dirkx,FA,RP,1,0,1,0,2000000
sa738697,Connor Jones,FA,RP,1,0,1,0,2000000
15906,Lewis Thorpe,FA,RP,1,0,1,0,2000000
16017,Odrisamer Despaigne,FA,RP,1,0,1,0,2000000
sa875052,Garrett Davila,FA,RP,1,0,1,0,2000000
sa856543,Jerry Keel,FA,RP,1,0,1,0,2000000
sa3004197,Dylan File,FA,RP,1,0,1,0,2000000
5350,Alex Sanabia,FA,RP,1,0,1,0,2000000
sa3007835,Mitch Stallings,FA,RP,1,0,1,0,2000000
sa828326,Steven Fuentes,FA,RP,1,0,1,0,2000000
sa829043,Tyler Eppler,FA,RP,1,0,1,0,2000000
sa737037,Oscar De La Cruz,FA,RP,1,0,1,0,2000000
sa3004485,Taylor Ahearn,FA,RP,1,0,1,0,2000000
16164,Daniel Gossett,FA,RP,1,0,1,0,2000000
sa875686,Alec Kisena,FA,RP,1,0,1,0,2000000
sa918121,Henry Henry,FA,RP,1,0,1,0,2000000
19675,James Marvel,FA,RP,1,0,1,0,2000000
sa597249,Luis Lugo,FA,RP,1,0,1,0,2000000
9149,Tim Melville,FA,RP,1,0,1,0,2000000
12699,Ryan Carpenter,FA,RP,1,0,1,0,2000000
1841,Edwin Jackson,FA,RP,1,0,1,0,2000000
sa828724,Alejandro Requena,FA,RP,1,0,1,0,2000000
16208,Brandon Finnegan,FA,RP,1,0,1,0,2000000
sa3006770,Noah Zavolas,FA,RP,1,0,1,0,2000000
sa918087,Zack Trageton,FA,RP,1,0,1,0,2000000
sa738284,Ty Damron,FA,RP,1,0,1,0,2000000
sa827380,Kyle Kubat,FA,RP,1,0,1,0,2000000
sa871769,Jesus Rodriguez,FA,RP,1,0,1,0,2000000
16155,Eric Skoglund,FA,RP,1,0,1,0,2000000
sa3002734,Blake Battenfield,FA,RP,1,0,1,0,2000000
sa738318,Ian McKinney,FA,RP,1,0,1,0,2000000
14862,Zack Godley,FA,RP,1,0,1,0,2000000
4371,Jeremy Hellickson,FA,RP,1,0,1,0,2000000
sa3007242,Jake Miednik,FA,RP,1,0,1,0,2000000
20739,Humberto Mejía,FA,RP,1,0,1,0,2000000
sa828702,Ronnie Williams,FA,RP,1,0,1,0,2000000
19646,Kyle Hart,FA,RP,1,0,1,0,2000000
sa861440,Alvaro Seijas,FA,RP,1,0,1,0,2000000
sa857700,Reilly Hovis,FA,RP,1,0,1,0,2000000
19546,Jon Duplantier,FA,RP,1,0,1,0,2000000
sa3014805,Colby Morris,FA,RP,1,0,1,0,2000000
15821,Dario Agrazal,FA,RP,1,0,1,0,2000000
sa3009944,Mitch Ragan,FA,RP,1,0,1,0,2000000
17877,Brett Kennedy,FA,RP,1,0,1,0,2000000
18361,Thomas Eshelman,FA,RP,1,0,1,0,2000000
sa738442,Logan Shore,FA,RP,1,0,1,0,2000000
sa3007592,Mark Moclair,FA,RP,1,0,1,0,2000000
18313,Pedro Payano,FA,RP,1,0,1,0,2000000
15627,Dillon Overton,FA,RP,1,0,1,0,2000000
sa919112,Chad Donato,FA,RP,1,0,1,0,2000000
sa737534,Ian Clarkin,FA,RP,1,0,1,0,2000000
9460,Dan Straily,FA,RP,1,0,1,0,2000000
sa872881,Domingo Robles,FA,RP,1,0,1,0,2000000
6435,Vance Worley,FA,RP,1,0,1,0,2000000
sa3004740,Ryan Lillie,FA,RP,1,0,1,0,2000000
8044,Jason Vargas,FA,RP,1,0,1,0,2000000
7754,Mike Fiers,FA,RP,1,0,1,0,2000000
sa3004772,Nate Harris,FA,RP,1,0,1,0,2000000
19457,Bryan Garcia,FA,RP,1,0,1,0,2000000
sa3015078,Andrew DiPiazza,FA,RP,1,0,1,0,2000000
3254,Jeff Samardzija,FA,RP,1,0,1,0,2000000
sa875233,Gray Fenter,FA,RP,1,0,1,0,2000000
sa828552,Breiling Eusebio,FA,RP,1,0,1,0,2000000
sa3008461,Franklin Parra,FA,RP,1,0,1,0,2000000
sa946165,Christian Mejias,FA,RP,1,0,1,0,2000000
sa828518,Dilmer Mejia,FA,RP,1,0,1,0,2000000
sa3002917,Rafael Kelly,FA,RP,1,0,1,0,2000000
20175,Ben Braymer,FA,RP,1,0,1,0,2000000
sa873694,Luis Moncada,FA,RP,1,0,1,0,2000000
sa829124,Sam McWilliams,FA,RP,1,0,1,0,2000000
sa918939,Garrison Bryant,FA,RP,1,0,1,0,2000000
sa3010117,Dan Metzdorf,FA,RP,1,0,1,0,2000000
11754,Justin Nicolino,FA,RP,1,0,1,0,2000000
sa3006829,Kevin Magee,FA,RP,1,0,1,0,2000000
sa3016905,Hunter Perdue,FA,RP,1,0,1,0,2000000
sa917951,Reggie Lawson,FA,RP,1,0,1,0,2000000
sa920272,Alexander Vizcaíno,FA,RP,1,0,1,0,2000000
sa917752,Jaison Vilera,FA,RP,1,0,1,0,2000000
sa3002984,Joseph Salazar,FA,RP,1,0,1,0,2000000
sa3005243,Landon Leach,FA,RP,1,0,1,0,2000000
sa3008172,Zach Mort,FA,RP,1,0,1,0,2000000
sa3007473,Reid Birlingmair,FA,RP,1,0,1,0,2000000
sa916950,Luis Rijo,FA,RP,1,0,1,0,2000000
1118,Marco Estrada,FA,RP,1,0,1,0,2000000
sa1172214,Nick Belzer,FA,RP,1,0,1,0,2000000
sa3010554,Connor Lehmann,FA,RP,1,0,1,0,2000000
sa917194,Hector Yan,FA,RP,1,0,1,0,2000000
sa3010249,Huei-Sheng Lin,FA,RP,1,0,1,0,2000000
sa3004747,Aaron Phillips,FA,RP,1,0,1,0,2000000
sa3011247,Kevin Holcomb,FA,RP,1,0,1,0,2000000
sa916725,Freisis Adames,FA,RP,1,0,1,0,2000000
sa3004961,Brendan Murphy,FA,RP,1,0,1,0,2000000
sa885669,Jose Morban,FA,RP,1,0,1,0,2000000
sa3008535,Hsin-Chieh Lin,FA,RP,1,0,1,0,2000000
sa3011731,Dylan Castaneda,FA,RP,1,0,1,0,2000000
sa3004715,Elian Rodriguez,FA,RP,1,0,1,0,2000000
sa3007709,Brian Rapp,FA,RP,1,0,1,0,2000000
sa3016581,Miguel Pozo,FA,RP,1,0,1,0,2000000
sa3014976,Jason Parker,FA,RP,1,0,1,0,2000000
sa3009227,Reinys Portillo,FA,RP,1,0,1,0,2000000
sa3015447,Gabriel Torres,FA,RP,1,0,1,0,2000000
sa3015480,Raynel Moron,FA,RP,1,0,1,0,2000000
sa3006163,Sonny Vargas,FA,RP,1,0,1,0,2000000
sa3016066,Henry Lalane,FA,RP,1,0,1,0,2000000
sa3016594,Jean Munoz,FA,RP,1,0,1,0,2000000
sa3018330,Aldo Leija,FA,RP,1,0,1,0,2000000
sa3016284,Andres Silvera,FA,RP,1,0,1,0,2000000
sa3002986,Ricardo Silva,FA,RP,1,0,1,0,2000000
sa3018841,Didier Fuentes,FA,RP,1,0,1,0,2000000
sa3010378,Enmanuel De La Cruz,FA,RP,1,0,1,0,2000000
sa3005881,Freddery Paulino,FA,RP,1,0,1,0,2000000
sa3018317,Luis Bermudez,FA,RP,1,0,1,0,2000000
sa3018301,Eybersson Polanco,FA,RP,1,0,1,0,2000000
sa3019251,Gerlin Rosario,FA,RP,1,0,1,0,2000000
sa3019125,Alejandro Manzano,FA,RP,1,0,1,0,2000000
sa3015444,Alexander Beltre,FA,RP,1,0,1,0,2000000
sa3015439,Joiner Vicent,FA,RP,1,0,1,0,2000000
sa3007601,Ricardo Leon,FA,RP,1,0,1,0,2000000
sa3009989,Danny Chang,FA,RP,1,0,1,0,2000000
sa3017143,Gabriel Agrazal,FA,RP,1,0,1,0,2000000
sa3009497,Engels Martinez,FA,RP,1,0,1,0,2000000
sa3019165,Wande Torres,FA,RP,1,0,1,0,2000000
sa3016062,Roger Duran,FA,RP,1,0,1,0,2000000
sa3009264,Marcos Eusebio,FA,RP,1,0,1,0,2000000
18790,Dillon Peters,FA,RP,1,0,1,0,2000000
sa829853,Ryder Ryan,FA,RP,1,0,1,0,2000000
16318,Ricardo Pinto,FA,RP,1,0,1,0,2000000
17581,Ricardo Sánchez,FA,RP,1,0,1,0,2000000
12791,Michael Kelly,FA,RP,1,0,1,0,2000000
sa874155,Zac Houston,FA,RP,1,0,1,0,2000000
19789,Anthony Castro,FA,RP,1,0,1,0,2000000
17179,Bubby Rossman,FA,RP,1,0,1,0,2000000
15094,Rob Zastryzny,FA,RP,1,0,1,0,2000000
19820,CD Pelham,FA,RP,1,0,1,0,2000000
2895,Zach McAllister,FA,RP,1,0,1,0,2000000
19529,Cam Vieaux,FA,RP,1,0,1,0,2000000
sa827471,Jeremy Rhoades,FA,RP,1,0,1,0,2000000
3132,Tony Watson,FA,RP,1,0,1,0,2000000
1514,Oliver Pérez,FA,RP,1,0,1,0,2000000
12763,Chris Devenski,FA,RP,48,0,48,0,2000000
20802,Aneurys Zabala,FA,RP,1,0,1,0,2000000
17035,Joe Palumbo,FA,RP,1,0,1,0,2000000
19516,Raynel Espinal,FA,RP,1,0,1,0,2000000
13133,Derek Law,FA,RP,1,0,1,0,2000000
11369,Brett Eibner,FA,RP,1,0,1,0,2000000
sa856262,Patrick Ruotolo,FA,RP,1,0,1,0,2000000
sa874984,Bryan Hudson,FA,RP,1,0,1,0,2000000
sa738652,Matt Vogel,FA,RP,1,0,1,0,2000000
21189,Brooks Kriske,FA,RP,1,0,1,0,2000000
6941,Joakim Soria,FA,RP,1,0,1,0,2000000
21092,Nick Duron,FA,RP,1,0,1,0,2000000
23420,Beau Sulser,FA,RP,1,0,1,0,2000000
15451,Mike Mayers,FA,RP,1,0,1,0,2000000
19940,Jhon Romero,FA,RP,1,0,1,0,2000000
10534,Jake Petricka,FA,RP,1,0,1,0,2000000
3993,Allen Webster,FA,RP,1,0,1,0,2000000
sa918196,Trevor Lane,FA,RP,1,0,1,0,2000000
8185,Steven Wright,FA,RP,1,0,1,0,2000000
13276,Matt Carasiti,FA,RP,1,0,1,0,2000000
13485,Sam Tuivailala,FA,RP,1,0,1,0,2000000
12774,Jairo Díaz,FA,RP,1,0,1,0,2000000
12997,Colten Brewer,FA,RP,1,0,1,0,2000000
15605,Phillips Valdez,FA,RP,1,0,1,0,2000000
13403,Félix Peña,FA,RP,1,0,1,0,2000000
15290,Austin Pruitt,FA,RP,1,0,1,0,2000000
20643,Johan Quezada,FA,RP,1,0,1,0,2000000
sa548162,Peter Tago,FA,RP,1,0,1,0,2000000
16929,Touki Toussaint,FA,RP,1,0,1,0,2000000
sa875993,Matthias Dietz,FA,RP,1,0,1,0,2000000
13713,Kyle Barraclough,FA,RP,1,0,1,0,2000000
4141,Derek Holland,FA,RP,1,0,1,0,2000000
sa550295,Mitch Horacek,FA,RP,1,0,1,0,2000000
sa875297,Jon Olczak,FA,RP,1,0,1,0,2000000
sa658525,Josh Graham,FA,RP,1,0,1,0,2000000
19535,Ryan Hendrix,FA,RP,1,0,1,0,2000000
16537,Dusten Knight,FA,RP,1,0,1,0,2000000
19756,Yoshihisa Hirano,FA,RP,1,0,1,0,2000000
sa917387,Juan Mota,FA,RP,1,0,1,0,2000000
17355,Edgar Santana,FA,RP,1,0,1,0,2000000
20997,Eduard Bazardo,FA,RP,1,0,1,0,2000000
18347,Brandon Waddell,FA,RP,1,0,1,0,2000000
14719,Ty Buttrey,FA,RP,1,0,1,0,2000000
9178,Kyle Lobstein,FA,RP,1,0,1,0,2000000
11294,Zach Neal,FA,RP,1,0,1,0,2000000
16306,Gerardo Reyes,FA,RP,1,0,1,0,2000000
15106,Collin Wiles,FA,RP,1,0,1,0,2000000
7411,Austin Adams,FA,RP,1,0,1,0,2000000
20074,Miguel Sánchez,FA,RP,1,0,1,0,2000000
sa875253,Thomas McIlraith,FA,RP,1,0,1,0,2000000
sa506311,Nelson Gonzalez,FA,RP,1,0,1,0,2000000
sa621533,Alex Powers,FA,RP,1,0,1,0,2000000
16106,Cy Sneed,FA,RP,1,0,1,0,2000000
sa506550,Andy Otero,FA,RP,1,0,1,0,2000000
17583,Marcos Diplán,FA,RP,1,0,1,0,2000000
14457,Adam Conley,FA,RP,1,0,1,0,2000000
16794,Josh James,FA,RP,1,0,1,0,2000000
sa3007205,Frankie Bartow,FA,RP,1,0,1,0,2000000
sa918353,Scott Engler,FA,RP,1,0,1,0,2000000
sa918550,Mike Ellenbest,FA,RP,1,0,1,0,2000000
12249,Ryan Sherriff,FA,RP,1,0,1,0,2000000
15126,Tyler Danish,FA,RP,1,0,1,0,2000000
13323,James Pazos,FA,RP,1,0,1,0,2000000
sa657843,Ramon Santos,FA,RP,1,0,1,0,2000000
16459,Joe Harvey,FA,RP,1,0,1,0,2000000
19277,Jesús Reyes,FA,RP,1,0,1,0,2000000
sa3006809,Jack Labosky,FA,RP,1,0,1,0,2000000
19784,Justin Garza,FA,RP,1,0,1,0,2000000
22036,Angel Rondón,FA,RP,1,0,1,0,2000000
11691,Tayron Guerrero,FA,RP,1,0,1,0,2000000
19256,Gerson Bautista,FA,RP,1,0,1,0,2000000
sa3007732,Ethan DeCaster,FA,RP,1,0,1,0,2000000
sa503722,Tyler Higgins,FA,RP,1,0,1,0,2000000
9419,Zac Rosscup,FA,RP,1,0,1,0,2000000
4696,Nate Jones,FA,RP,1,0,1,0,2000000
sa736656,Gerson Moreno,FA,RP,1,0,1,0,2000000
18332,Eric Hanhold,FA,RP,1,0,1,0,2000000
15240,Kevin McCarthy,FA,RP,1,0,1,0,2000000
19942,Ljay Newsome,FA,RP,1,0,1,0,2000000
sa738610,Tyler Viza,FA,RP,1,0,1,0,2000000
sa550522,Luis González,FA,RP,1,0,1,0,2000000
14338,Williams Jerez,FA,RP,1,0,1,0,2000000
13058,Reymin Guduan,FA,RP,1,0,1,0,2000000
sa738506,Dalton Moats,FA,RP,1,0,1,0,2000000
sa3004441,Ivan Pelaez,FA,RP,1,0,1,0,2000000
15071,Kyle McGowin,FA,RP,1,0,1,0,2000000
sa657974,Tyler Pike,FA,RP,1,0,1,0,2000000
sa874215,Thomas Burrows,FA,RP,1,0,1,0,2000000
sa503437,Sam Wolff,FA,RP,1,0,1,0,2000000
4026,Héctor Santiago,FA,RP,1,0,1,0,2000000
14101,Branden Kline,FA,RP,1,0,1,0,2000000
sa3007999,Tyler Jones,FA,RP,1,0,1,0,2000000
sa857567,Luke Leftwich,FA,RP,1,0,1,0,2000000
sa828462,Daniel Álvarez,FA,RP,1,0,1,0,2000000
15655,Yefry Ramírez,FA,RP,1,0,1,0,2000000
sa3004362,Jonathan Cheshire,FA,RP,1,0,1,0,2000000
sa875026,Brandon Koch,FA,RP,1,0,1,0,2000000
15964,Keury Mella,FA,RP,1,0,1,0,2000000
sa918556,Trevor Bettencourt,FA,RP,1,0,1,0,2000000
sa918605,Corbin Clouse,FA,RP,1,0,1,0,2000000
11903,Michael Feliz,FA,RP,1,0,1,0,2000000
sa909930,Yaisel Sierra,FA,RP,1,0,1,0,2000000
sa3004341,Evan Kruczynski,FA,RP,1,0,1,0,2000000
18341,Julian Fernández,FA,RP,1,0,1,0,2000000
9756,David Hale,FA,RP,1,0,1,0,2000000
17920,Cody Ponce,FA,RP,1,0,1,0,2000000
12185,Akeel Morris,FA,RP,1,0,1,0,2000000
15130,Drew Anderson,FA,RP,1,0,1,0,2000000
3201,Francisco Liriano,FA,RP,1,0,1,0,2000000
sa3008071,Zach Wolf,FA,RP,1,0,1,0,2000000
sa918394,Jacob Bosiokovic,FA,RP,1,0,1,0,2000000
sa597194,Jose Adames,FA,RP,1,0,1,0,2000000
14696,Keone Kela,FA,RP,1,0,1,0,2000000
9325,Jared Hughes,FA,RP,1,0,1,0,2000000
19159,Zack Burdi,FA,RP,1,0,1,0,2000000
10148,Manny Barreda,FA,RP,1,0,1,0,2000000
6627,Brad Brach,FA,RP,1,0,1,0,2000000
11604,Dovydas Neverauskas,FA,RP,1,0,1,0,2000000
8280,Tony Sipp,FA,RP,1,0,1,0,2000000
20638,Luis Castillo,FA,RP,1,0,1,0,2000000
19480,Ryan Hartman,FA,RP,1,0,1,0,2000000
15007,Yacksel Ríos,FA,RP,1,0,1,0,2000000
12673,Roenis Elías,FA,RP,1,0,1,0,2000000
17811,Daniel Zamora,FA,RP,1,0,1,0,2000000
12575,Nick Ramirez,FA,RP,1,0,1,0,2000000
sa3004022,Scott Boches,FA,RP,1,0,1,0,2000000
sa828216,Henry Martinez,FA,RP,1,0,1,0,2000000
sa658824,Bryan Bonnell,FA,RP,1,0,1,0,2000000
sa916836,Miguel Figueroa,FA,RP,1,0,1,0,2000000
sa598926,Bradley Roney,FA,RP,1,0,1,0,2000000
sa738313,Cale Coshow,FA,RP,1,0,1,0,2000000
sa874212,Nolan Blackwood,FA,RP,1,0,1,0,2000000
sa875198,Ryan Lawlor,FA,RP,1,0,1,0,2000000
sa918324,Carson LaRue,FA,RP,1,0,1,0,2000000
9948,Mike Dunn,FA,RP,1,0,1,0,2000000
27513,Hyeon-Jong Yang,FA,RP,1,0,1,0,2000000
sa874967,Riley Ferrell,FA,RP,1,0,1,0,2000000
6238,Diego Moreno,FA,RP,1,0,1,0,2000000
5830,Jhan Mariñez,FA,RP,1,0,1,0,2000000
16668,James Bourque,FA,RP,1,0,1,0,2000000
7385,Dan Otero,FA,RP,1,0,1,0,2000000
9939,Brandon Kintzler,FA,RP,1,0,1,0,2000000
11428,Brandon Workman,FA,RP,1,0,1,0,2000000
15100,Ben Heller,FA,RP,1,0,1,0,2000000
sa3010581,Matt Mullenbach,FA,RP,1,0,1,0,2000000
sa828972,Félix Paulino,FA,RP,1,0,1,0,2000000
sa875060,Jack Wynkoop,FA,RP,1,0,1,0,2000000
sa754843,Cam Booser,FA,RP,1,0,1,0,2000000
14875,Caleb Smith,FA,RP,1,0,1,0,2000000
sa918495,Alejandro Mateo,FA,RP,1,0,1,0,2000000
11720,Justin Grimm,FA,RP,1,0,1,0,2000000
13483,Connor Sadzeck,FA,RP,1,0,1,0,2000000
5358,Jose Alvarez,FA,RP,1,0,1,0,2000000
sa736752,Emmanuel Ramirez,FA,RP,1,0,1,0,2000000
sa856254,Ryan Mason,FA,RP,1,0,1,0,2000000
20631,Jordan Holloway,FA,RP,1,0,1,0,2000000
4185,Rafael Dolis,FA,RP,1,0,1,0,2000000
sa737032,Junior Garcia,FA,RP,1,0,1,0,2000000
18306,Taylor Guilbeau,FA,RP,1,0,1,0,2000000
sa918535,Tyler Erwin,FA,RP,1,0,1,0,2000000
9490,Jeremy Jeffress,FA,RP,1,0,1,0,2000000
17418,David Paulino,FA,RP,1,0,1,0,2000000
494,Fernando Rodney,FA,RP,1,0,1,0,2000000
12178,Domingo Tapia,FA,RP,1,0,1,0,2000000
sa876201,Hector Lujan,FA,RP,1,0,1,0,2000000
4070,Pedro Strop,FA,RP,1,0,1,0,2000000
sa857571,Andrew Schwaab,FA,RP,1,0,1,0,2000000
19671,Sterling Sharp,FA,RP,1,0,1,0,2000000
sa876362,Braden Webb,FA,RP,1,0,1,0,2000000
13780,Daniel Stumpf,FA,RP,1,0,1,0,2000000
14899,Taylor Williams,FA,RP,1,0,1,0,2000000
sa917970,Curtis Taylor,FA,RP,1,0,1,0,2000000
sa873148,Dalbert Siri,FA,RP,1,0,1,0,2000000
13194,Joe Biagini,FA,RP,1,0,1,0,2000000
sa658287,Ronald Peña,FA,RP,1,0,1,0,2000000
sa503397,James Dykstra,FA,RP,1,0,1,0,2000000
13360,Cam Bedrosian,FA,RP,1,0,1,0,2000000
11964,Taylor Cole,FA,RP,1,0,1,0,2000000
10341,Juan Minaya,FA,RP,1,0,1,0,2000000
13616,Taylor Guerrieri,FA,RP,1,0,1,0,2000000
19642,Eduardo Jiménez,FA,RP,1,0,1,0,2000000
7555,Nick Vincent,FA,RP,1,0,1,0,2000000
19868,Drew Carlton,FA,RP,1,0,1,0,2000000
16265,Sam Howard,FA,RP,1,0,1,0,2000000
3599,Brian Schlitter,FA,RP,1,0,1,0,2000000
6499,Blaine Hardy,FA,RP,1,0,1,0,2000000
10756,Shane Greene,FA,RP,1,0,1,0,2000000
sa3006694,Wen-Hua Sung,FA,RP,1,0,1,0,2000000
22092,Kyle Tyler,FA,RP,1,0,1,0,2000000
12890,Alex Claudio,FA,RP,1,0,1,0,2000000
12027,Brian Flynn,FA,RP,1,0,1,0,2000000
sa598099,Jason Creasy,FA,RP,1,0,1,0,2000000
16266,A.J. Ladwig,FA,RP,1,0,1,0,2000000
12452,Chasen Bradford,FA,RP,1,0,1,0,2000000
sa3008046,Peyton Gray,FA,RP,1,0,1,0,2000000
5224,Blake Parker,FA,RP,1,0,1,0,2000000
7448,Gio González,FA,RP,1,0,1,0,2000000
sa3006695,David Lebron,FA,RP,1,0,1,0,2000000
sa829063,Erik Manoah Jr.,FA,RP,1,0,1,0,2000000
15859,Stephen Tarpley,FA,RP,1,0,1,0,2000000
14509,Dereck Rodríguez,FA,RP,1,0,1,0,2000000
11432,A.J. Schugel,FA,RP,1,0,1,0,2000000
11618,Mike Kickham,FA,RP,1,0,1,0,2000000
sa3004864,Kyle Zurak,FA,RP,1,0,1,0,2000000
13259,Louis Head,FA,RP,1,0,1,0,2000000
4505,Jordan Zimmermann,FA,RP,1,0,1,0,2000000
14605,James Hoyt,FA,RP,1,0,1,0,2000000
15792,Rob Kaminsky,FA,RP,1,0,1,0,2000000
18890,Kyle Keller,FA,RP,1,0,1,0,2000000
4994,Fernando Abad,FA,RP,1,0,1,0,2000000
19341,Hector Velázquez,FA,RP,1,0,1,0,2000000
sa658577,Chris Nunn,FA,RP,1,0,1,0,2000000
sa917861,Andres Sotillet,FA,RP,1,0,1,0,2000000
11467,A.J. Cole,FA,RP,1,0,1,0,2000000
18300,Andrew Suárez,FA,RP,1,0,1,0,2000000
sa829631,Matt Blackham,FA,RP,1,0,1,0,2000000
9239,Alex Wilson,FA,RP,1,0,1,0,2000000
sa3019458,Tim Holdgrafer,FA,RP,1,0,1,0,2000000
sa877574,Odalvi Javier,FA,RP,1,0,1,0,2000000
16455,Conner Greene,FA,RP,1,0,1,0,2000000
sa738717,Caleb Simpson,FA,RP,1,0,1,0,2000000
sa659283,Justin Dillon,FA,RP,1,0,1,0,2000000
979,Joe Beimel,FA,RP,1,0,1,0,2000000
sa659266,Sean McLaughlin,FA,RP,1,0,1,0,2000000
16317,Alex McRae,FA,RP,1,0,1,0,2000000
sa829601,Cameron Bishop,FA,RP,1,0,1,0,2000000
sa856275,Andrew Lee,FA,RP,1,0,1,0,2000000
sa3004771,John Russell,FA,RP,1,0,1,0,2000000
sa918249,Brandon White,FA,RP,1,0,1,0,2000000
6785,Andrew Miller,FA,RP,1,0,1,0,2000000
6832,Sam Freeman,FA,RP,1,0,1,0,2000000
14169,Kyle Zimmer,FA,RP,1,0,1,0,2000000
sa915725,Evan Miller,FA,RP,1,0,1,0,2000000
sa829618,Brad Bass,FA,RP,1,0,1,0,2000000
18029,Tanner Anderson,FA,RP,1,0,1,0,2000000
sa3004470,Will Latcham,FA,RP,1,0,1,0,2000000
sa875398,Joe Zanghi,FA,RP,1,0,1,0,2000000
15091,Hunter Wood,FA,RP,1,0,1,0,2000000
18600,Travis Lakins Sr.,FA,RP,1,0,1,0,2000000
17281,Thomas Pannone,FA,RP,1,0,1,0,2000000
18593,Anderson Espinoza,FA,RP,1,0,1,0,2000000
11440,Johnny Barbato,FA,RP,1,0,1,0,2000000
18719,Seunghwan Oh,FA,RP,1,0,1,0,2000000
7466,Anthony Swarzak,FA,RP,1,0,1,0,2000000
sa887660,Jefry Valdez,FA,RP,1,0,1,0,2000000
19199,Conner Menez,FA,RP,1,0,1,0,2000000
sa873276,Thomas Jankins,FA,RP,1,0,1,0,2000000
19609,Luke Barker,FA,RP,1,0,1,0,2000000
sa918731,Juan Gámez,FA,RP,1,0,1,0,2000000
20667,Cristofer Ogando,FA,RP,1,0,1,0,2000000
sa872809,Luis Amaya,FA,RP,1,0,1,0,2000000
4869,Mike Montgomery,FA,RP,1,0,1,0,2000000
8410,Deolis Guerra,FA,RP,1,0,1,0,2000000
6033,Kelvin Herrera,FA,RP,1,0,1,0,2000000
10843,Adam Kolarek,FA,RP,1,0,1,0,2000000
3840,Zach Duke,FA,RP,1,0,1,0,2000000
13527,Brandon Brennan,FA,RP,1,0,1,0,2000000
20198,Ben Bowden,FA,RP,1,0,1,0,2000000
14151,Chris Mazza,FA,RP,1,0,1,0,2000000
sa918109,Nick Hernandez,FA,RP,1,0,1,0,2000000
sa873466,Yorvin Pantoja,FA,RP,1,0,1,0,2000000
18311,Carson Fulmer,FA,RP,1,0,1,0,2000000
8302,JC Ramírez,FA,RP,1,0,1,0,2000000
6819,Robbie Ross Jr.,FA,RP,1,0,1,0,2000000
16981,Tyler Beede,FA,RP,1,0,1,0,2000000
13804,Walker Lockett,FA,RP,1,0,1,0,2000000
sa857686,Tate Scioneaux,FA,RP,1,0,1,0,2000000
sa547829,Claudio Custodio,FA,RP,1,0,1,0,2000000
sa3010367,Eric Mock,FA,RP,1,0,1,0,2000000
17821,José Mujica,FA,RP,1,0,1,0,2000000
19826,Riley Smith,FA,RP,1,0,1,0,2000000
14288,Luke Bard,FA,RP,1,0,1,0,2000000
sa658593,José Mesa Jr.,FA,RP,1,0,1,0,2000000
19845,Alex Wells,FA,RP,1,0,1,0,2000000
sa658964,Tyler Ferguson,FA,RP,1,0,1,0,2000000
20555,Kirk McCarty,FA,RP,1,0,1,0,2000000
11449,Matt Grace,FA,RP,1,0,1,0,2000000
8753,Tanner Roark,FA,RP,1,0,1,0,2000000
18105,Ryan Meisinger,FA,RP,1,0,1,0,2000000
sa918150,Tommy Eveld,FA,RP,1,0,1,0,2000000
sa621016,Mason Melotakis,FA,RP,1,0,1,0,2000000
sa3002775,Matt Wivinis,FA,RP,1,0,1,0,2000000
20368,Ramón Rosso,FA,RP,1,0,1,0,2000000
15231,Aaron Slegers,FA,RP,1,0,1,0,2000000
sa1170614,Andrew Edwards,FA,RP,1,0,1,0,2000000
sa875002,Justin Maese,FA,RP,1,0,1,0,2000000
15285,Zac Reininger,FA,RP,1,0,1,0,2000000
15855,Wander Suero,FA,RP,1,0,1,0,2000000
17018,Jefry Rodriguez,FA,RP,1,0,1,0,2000000
sa875031,Jordan Stephens,FA,RP,1,0,1,0,2000000
sa918482,Colin McKee,FA,RP,1,0,1,0,2000000
sa829656,Bryan Dobzanski,FA,RP,1,0,1,0,2000000
sa917950,Travis MacGregor,FA,RP,1,0,1,0,2000000
6979,Brandon Dickson,FA,RP,1,0,1,0,2000000
10354,Robbie Erlin,FA,RP,1,0,1,0,2000000
sa832779,Moises Gomez,FA,RP,1,0,1,0,2000000
sa887275,Ezequiel Zabaleta,FA,RP,1,0,1,0,2000000
sa872726,Tom Hackimer,FA,RP,1,0,1,0,2000000
sa829246,Mac Marshall,FA,RP,1,0,1,0,2000000
sa875266,James Reeves,FA,RP,1,0,1,0,2000000
13549,Richard Rodríguez,FA,RP,1,0,1,0,2000000
sa868984,Yadier Álvarez,FA,RP,1,0,1,0,2000000
sa876088,Sean Chandler,FA,RP,1,0,1,0,2000000
sa3014870,Joe Jones,FA,RP,1,0,1,0,2000000
14974,Tyler Webb,FA,RP,1,0,1,0,2000000
14399,Robinson Leyer,FA,RP,1,0,1,0,2000000
19192,Brandyn Sittinger,FA,RP,1,0,1,0,2000000
15139,Ashton Goudeau,FA,RP,1,0,1,0,2000000
sa915801,Tyler Stevens,FA,RP,1,0,1,0,2000000
sa738686,A.J. Puckett,FA,RP,1,0,1,0,2000000
sa738344,Alec Hansen,FA,RP,1,0,1,0,2000000
11203,Grant Dayton,FA,RP,1,0,1,0,2000000
sa875849,Dalton Sawyer,FA,RP,1,0,1,0,2000000
sa873708,David Ellingson,FA,RP,1,0,1,0,2000000
16427,Scott Blewett,FA,RP,1,0,1,0,2000000
18333,Alex Young,FA,RP,34,0,34,0,2000000
16135,Brandon Leibrandt,FA,RP,1,0,1,0,2000000
16110,Daniel Ponce de Leon,FA,RP,1,0,1,0,2000000
3200,Ervin Santana,FA,RP,1,0,1,0,2000000
9646,Brian Moran,FA,RP,1,0,1,0,2000000
14808,Ryan Eades,FA,RP,1,0,1,0,2000000
sa945728,Lisandro Santos,FA,RP,1,0,1,0,2000000
sa3010661,Zak Baayoun,FA,RP,1,0,1,0,2000000
13453,Eddie Butler,FA,RP,1,0,1,0,2000000
sa739012,Sal Mendez,FA,RP,1,0,1,0,2000000
12106,Parker Markel,FA,RP,1,0,1,0,2000000
14545,Dakota Bacus,FA,RP,1,0,1,0,2000000
sa738180,Hever Bueno,FA,RP,1,0,1,0,2000000
sa3008498,Matt Hartman,FA,RP,1,0,1,0,2000000
sa875717,Nathan Bates,FA,RP,1,0,1,0,2000000
sa917401,Melvi Acosta,FA,RP,1,0,1,0,2000000
2882,Luis Avilán,FA,RP,1,0,1,0,2000000
sa738901,Zack Brown,FA,RP,1,0,1,0,2000000
19548,JD Hammer,FA,RP,1,0,1,0,2000000
sa828693,Joe Gatto,FA,RP,1,0,1,0,2000000
sa738670,Ryan Moseley,FA,RP,1,0,1,0,2000000
17664,Cody Carroll,FA,RP,1,0,1,0,2000000
13528,Matt Bowman,FA,RP,1,0,1,0,2000000
sa828412,Joan Baez,FA,RP,1,0,1,0,2000000
5401,Brad Peacock,FA,RP,1,0,1,0,2000000
sa875796,Ike Schlabach,FA,RP,1,0,1,0,2000000
sa876250,Adam Lau,FA,RP,1,0,1,0,2000000
sa550615,Carlos Navas,FA,RP,1,0,1,0,2000000
17679,Rogelio Armenteros,FA,RP,1,0,1,0,2000000
20030,Phillip Diehl,FA,RP,1,0,1,0,2000000
sa875269,Darin Gillies,FA,RP,1,0,1,0,2000000
19881,Gabe Klobosits,FA,RP,1,0,1,0,2000000
sa3011534,Alex Moore,FA,RP,1,0,1,0,2000000
sa918255,Andrew Brown,FA,RP,1,0,1,0,2000000
sa3004213,Alex Manasa,FA,RP,1,0,1,0,2000000
19453,Shaun Anderson,FA,RP,1,0,1,0,2000000
sa873294,Jasier Herrera,FA,RP,1,0,1,0,2000000
sa598306,Aaron Brown,FA,RP,1,0,1,0,2000000
15028,Victor Alcántara,FA,RP,1,0,1,0,2000000
sa873262,Zac Ryan,FA,RP,1,0,1,0,2000000
12680,Ryne Harper,FA,RP,1,0,1,0,2000000
sa917483,Joan Martinez,FA,RP,1,0,1,0,2000000
13696,Robert Gsellman,FA,RP,1,0,1,0,2000000
sa3014909,Kyle Molnar,FA,RP,1,0,1,0,2000000
sa915688,Tyler Johnson,FA,RP,1,0,1,0,2000000
sa3008066,Mark Potter,FA,RP,1,0,1,0,2000000
sa875199,Nate Griep,FA,RP,1,0,1,0,2000000
7303,Preston Guilmet,FA,RP,1,0,1,0,2000000
4259,David Hernandez,FA,RP,1,0,1,0,2000000
sa549740,Chase Johnson,FA,RP,1,0,1,0,2000000
sa917753,Willy Taveras,FA,RP,1,0,1,0,2000000
11479,Bryan Mitchell,FA,RP,1,0,1,0,2000000
11468,Zach Lee,FA,RP,1,0,1,0,2000000
sa3004097,Holden Capps,FA,RP,1,0,1,0,2000000
sa875845,Cameron Gann,FA,RP,1,0,1,0,2000000
20060,Jake Fishman,FA,RP,1,0,1,0,2000000
sa736742,Raffi Vizcaíno,FA,RP,1,0,1,0,2000000
sa917689,Joel Peguero,FA,RP,1,0,1,0,2000000
17748,Brody Koerner,FA,RP,1,0,1,0,2000000
15258,Shane Carle,FA,RP,1,0,1,0,2000000
sa828791,Nick Wells,FA,RP,1,0,1,0,2000000
sa875057,Ryan Clark,FA,RP,1,0,1,0,2000000
sa873983,Boomer Biegalski,FA,RP,1,0,1,0,2000000
11243,Aaron Barrett,FA,RP,1,0,1,0,2000000
9033,Jeanmar Gómez,FA,RP,1,0,1,0,2000000
sa876206,Quintin Torres-Costa,FA,RP,1,0,1,0,2000000
19357,Cody Sedlock,FA,RP,1,0,1,0,2000000
12237,Dan Winkler,FA,RP,1,0,1,0,2000000
sa3008162,Rodney Hutchison,FA,RP,1,0,1,0,2000000
sa3004698,Cody Beckman,FA,RP,1,0,1,0,2000000
20632,Elvis Luciano,FA,RP,1,0,1,0,2000000
sa918674,Grant Gavin,FA,RP,1,0,1,0,2000000
sa3017474,Ruben Ramirez,FA,RP,1,0,1,0,2000000
sa737853,Stephen Woods Jr.,FA,RP,1,0,1,0,2000000
sa658929,Jon Harris,FA,RP,1,0,1,0,2000000
sa915633,Brian Shaffer,FA,RP,1,0,1,0,2000000
sa837103,Ben Bracewell,FA,RP,1,0,1,0,2000000
15066,Jaime Schultz,FA,RP,1,0,1,0,2000000
15200,Glenn Sparkman,FA,RP,1,0,1,0,2000000
sa602699,Phil Pfeifer,FA,RP,1,0,1,0,2000000
12586,Mike Wright Jr.,FA,RP,1,0,1,0,2000000
sa875726,Mack Lemieux,FA,RP,1,0,1,0,2000000
23592,Brett de Geus,FA,RP,1,0,1,0,2000000
sa737066,Jesus Zambrano,FA,RP,1,0,1,0,2000000
17303,Francis Martes,FA,RP,1,0,1,0,2000000
sa918814,Nathan Webb,FA,RP,1,0,1,0,2000000
sa918266,Zach Featherstone,FA,RP,1,0,1,0,2000000
14962,Rookie Davis,FA,RP,1,0,1,0,2000000
sa3010139,Denson Hull,FA,RP,1,0,1,0,2000000
sa833270,Mitchell Osnowitz,FA,RP,1,0,1,0,2000000
sa876117,Steven Klimek,FA,RP,1,0,1,0,2000000
sa829689,Will Carter,FA,RP,1,0,1,0,2000000
sa3005162,Frank Rubio,FA,RP,1,0,1,0,2000000
sa3010300,Jared Janczak,FA,RP,1,0,1,0,2000000
13690,Sal Romano,FA,RP,1,0,1,0,2000000
3950,Matt Magill,FA,RP,1,0,1,0,2000000
14672,Dillon Maples,FA,RP,1,0,1,0,2000000
15158,Braden Shipley,FA,RP,1,0,1,0,2000000
sa3007817,Austin Ross,FA,RP,1,0,1,0,2000000
sa857605,Zack Erwin,FA,RP,1,0,1,0,2000000
sa920187,Garrett Kelly,FA,RP,1,0,1,0,2000000
21087,Demarcus Evans,FA,RP,1,0,1,0,2000000
sa3004713,Tim Naughton,FA,RP,1,0,1,0,2000000
sa828343,Aneuris Rosario,FA,RP,1,0,1,0,2000000
sa3010305,Alec Wisely,FA,RP,1,0,1,0,2000000
sa3004106,Addison Russ,FA,RP,1,0,1,0,2000000
10587,Chad Bettis,FA,RP,1,0,1,0,2000000
9674,Vidal Nuño,FA,RP,1,0,1,0,2000000
20582,Anderson Severino,FA,RP,1,0,1,0,2000000
sa871482,Wladimir Pinto,FA,RP,1,0,1,0,2000000
7731,Juan Nicasio,FA,RP,1,0,1,0,2000000
sa828664,Kodi Medeiros,FA,RP,1,0,1,0,2000000
15136,Jake Newberry,FA,RP,1,0,1,0,2000000
11686,Josh Lucas,FA,RP,1,0,1,0,2000000
sa3008626,Justin Vernia,FA,RP,1,0,1,0,2000000
13188,Adalberto Mejía,FA,RP,1,0,1,0,2000000
7773,Shawn Kelley,FA,RP,1,0,1,0,2000000
13071,Wei-Yin Chen,FA,RP,1,0,1,0,2000000
sa875283,Logan Cozart,FA,RP,1,0,1,0,2000000
sa875183,Bubba Derby,FA,RP,1,0,1,0,2000000
sa883710,Jhonatan German,FA,RP,1,0,1,0,2000000
sa737454,Alexander Guillen,FA,RP,1,0,1,0,2000000
21656,Kervin Castro,FA,RP,1,0,1,0,2000000
sa3004355,Zach Draper,FA,RP,1,0,1,0,2000000
16980,Daniel Mengden,FA,RP,1,0,1,0,2000000
sa835215,Diogenes Almengo,FA,RP,1,0,1,0,2000000
19682,Jordan Sheffield,FA,RP,1,0,1,0,2000000
sa3010385,Sam Williams,FA,RP,1,0,1,0,2000000
sa873974,Tyler Thomas,FA,RP,1,0,1,0,2000000
sa827486,Alex Katz,FA,RP,1,0,1,0,2000000
12781,Sean Gilmartin,FA,RP,1,0,1,0,2000000
19243,Wes Benjamin,FA,RP,1,0,1,0,2000000
sa828598,Cristopher Molina,FA,RP,1,0,1,0,2000000
7947,Cory Gearrin,FA,RP,1,0,1,0,2000000
17466,Heath Fillmyer,FA,RP,1,0,1,0,2000000
sa918459,Joe Navilhon,FA,RP,1,0,1,0,2000000
sa872567,Carlos Espinal,FA,RP,1,0,1,0,2000000
12784,Burch Smith,FA,RP,1,0,1,0,2000000
12360,Kevin Quackenbush,FA,RP,1,0,1,0,2000000
sa874248,Oddy Nunez,FA,RP,1,0,1,0,2000000
4300,Matt Albers,FA,RP,1,0,1,0,2000000
sa3004024,Graham Spraker,FA,RP,1,0,1,0,2000000
sa3004826,Brian Glowicki,FA,RP,1,0,1,0,2000000
13699,Jake Faria,FA,RP,1,0,1,0,2000000
sa3007707,Andrew Karp,FA,RP,1,0,1,0,2000000
11334,Tyler Lyons,FA,RP,1,0,1,0,2000000
14741,Tyler Olson,FA,RP,1,0,1,0,2000000
20334,Kyle Dohy,FA,RP,1,0,1,0,2000000
18256,Zac Grotz,FA,RP,1,0,1,0,2000000
sa919537,Kai-Wei Lin,FA,RP,1,0,1,0,2000000
14655,Konner Wade,FA,RP,1,0,1,0,2000000
6216,Dellin Betances,FA,RP,1,0,1,0,2000000
5702,Junior Guerra,FA,RP,1,0,1,0,2000000
sa3007488,Travis Perry,FA,RP,1,0,1,0,2000000
sa658087,Adrian Almeida,FA,RP,1,0,1,0,2000000
sa828794,Brian Gonzalez,FA,RP,1,0,1,0,2000000
sa918319,Ruben Garcia,FA,RP,1,0,1,0,2000000
sa877342,Chester Pimentel,FA,RP,1,0,1,0,2000000
sa3008427,Charlie Ruegger,FA,RP,1,0,1,0,2000000
sa3009998,Dan Goggin,FA,RP,1,0,1,0,2000000
sa918549,Braden Bristo,FA,RP,1,0,1,0,2000000
11753,Kyle Ryan,FA,RP,1,0,1,0,2000000
sa3010115,Kevin Coulter,FA,RP,1,0,1,0,2000000
14699,Jonathan Aro,FA,RP,1,0,1,0,2000000
18581,Travis Bergen,FA,RP,1,0,1,0,2000000
13685,Nick Goody,FA,RP,1,0,1,0,2000000
17682,Ralph Garza Jr.,FA,RP,1,0,1,0,2000000
8350,AJ Ramos,FA,RP,1,0,1,0,2000000
sa919323,Jeff Singer,FA,RP,1,0,1,0,2000000
sa3008043,Austin Drury,FA,RP,1,0,1,0,2000000
7677,Neil Ramírez,FA,RP,1,0,1,0,2000000
7441,Wade Davis,FA,RP,1,0,1,0,2000000
sa3004744,Jason Bahr,FA,RP,1,0,1,0,2000000
19285,Kyle Dowdy,FA,RP,1,0,1,0,2000000
14165,Rob Whalen,FA,RP,1,0,1,0,2000000
16218,Brett Graves,FA,RP,1,0,1,0,2000000
sa873684,Kit Scheetz,FA,RP,1,0,1,0,2000000
sa917893,Angel Acevedo,FA,RP,1,0,1,0,2000000
14707,Brady Lail,FA,RP,1,0,1,0,2000000
sa873263,Hunter Schryver,FA,RP,1,0,1,0,2000000
sa735841,Kevin Gadea,FA,RP,1,0,1,0,2000000
15538,Eric Yardley,FA,RP,1,0,1,0,2000000
sa3004473,John Ghyzel,FA,RP,1,0,1,0,2000000
sa918539,Skylar Arias,FA,RP,1,0,1,0,2000000
sa3005034,Derrik Watson,FA,RP,1,0,1,0,2000000
sa3007491,Tyler Carr,FA,RP,1,0,1,0,2000000
sa3008159,R.J. Freure,FA,RP,1,0,1,0,2000000
20177,Ty Tice,FA,RP,1,0,1,0,2000000
9388,Josh Tomlin,FA,RP,1,0,1,0,2000000
16768,Montana DuRapau,FA,RP,1,0,1,0,2000000
sa3007803,Trenton Toplikar,FA,RP,1,0,1,0,2000000
16130,David Hess,FA,RP,1,0,1,0,2000000
sa3007801,Andrew Mitchell,FA,RP,1,0,1,0,2000000
20312,Alec Bettinger,FA,RP,1,0,1,0,2000000
10946,Josh A. Smith,FA,RP,1,0,1,0,2000000
13974,Ryan Dull,FA,RP,1,0,1,0,2000000
13677,Corey Oswalt,FA,RP,1,0,1,0,2000000
15101,Luke Farrell,FA,RP,1,0,1,0,2000000
sa3007263,Jared Tobey,FA,RP,1,0,1,0,2000000
17987,Bobby Poyner,FA,RP,1,0,1,0,2000000
16840,Cam Hill,FA,RP,1,0,1,0,2000000
17585,Jordan Yamamoto,FA,RP,1,0,1,0,2000000
sa3006951,Solomon Bates,FA,RP,1,0,1,0,2000000
sa918447,Jonathan Hennigan,FA,RP,1,0,1,0,2000000
14382,Wei-Chung Wang,FA,RP,1,0,1,0,2000000
13401,R.J. Alvarez,FA,RP,1,0,1,0,2000000
19561,Bernardo Flores Jr.,FA,RP,1,0,1,0,2000000
sa732750,Edgar Arredondo,FA,RP,1,0,1,0,2000000
19495,Mike Shawaryn,FA,RP,1,0,1,0,2000000
14832,Bobby Wahl,FA,RP,1,0,1,0,2000000
sa3004491,Wes Robertson,FA,RP,1,0,1,0,2000000
sa3014873,Hunter Peck,FA,RP,1,0,1,0,2000000
sa932611,Michel Otanez,FA,RP,1,0,1,0,2000000
sa873328,Gregori Vasquez,FA,RP,1,0,1,0,2000000
20383,Antonio Santos,FA,RP,1,0,1,0,2000000
sa941791,Freylin Garcia,FA,RP,1,0,1,0,2000000
4020,Yusmeiro Petit,FA,RP,1,0,1,0,2000000
18135,Chance Adams,FA,RP,1,0,1,0,2000000
sa738309,Dylan Rheault,FA,RP,1,0,1,0,2000000
sa874072,Jack Anderson,FA,RP,1,0,1,0,2000000
19814,David McKay,FA,RP,1,0,1,0,2000000
sa917415,Oliver Garcia,FA,RP,1,0,1,0,2000000
sa737857,Adrian De Horta,FA,RP,1,0,1,0,2000000
sa3005340,Nathan Witt,FA,RP,1,0,1,0,2000000
sa1170802,Patrick Smith,FA,RP,1,0,1,0,2000000
sa918618,Tyree Thompson,FA,RP,1,0,1,0,2000000
sa3004482,Patrick Dayton,FA,RP,1,0,1,0,2000000
sa3004602,Alex FaGalde,FA,RP,1,0,1,0,2000000
sa3007204,Sean Wymer,FA,RP,1,0,1,0,2000000
sa918295,Matt Dennis,FA,RP,1,0,1,0,2000000
19191,Robert Dugger,FA,RP,1,0,1,0,2000000
sa3010820,Chandler Casey,FA,RP,1,0,1,0,2000000
5640,Tyler Clippard,FA,RP,1,0,1,0,2000000
19246,Miguel Aguilar,FA,RP,1,0,1,0,2000000
sa3009933,Derrick Adams,FA,RP,1,0,1,0,2000000
sa526934,Seth Blair,FA,RP,1,0,1,0,2000000
sa828239,Ofelky Peralta,FA,RP,1,0,1,0,2000000
sa829470,Argenis Angulo,FA,RP,1,0,1,0,2000000
sa549785,Tom Windle,FA,RP,1,0,1,0,2000000
16850,Locke St. John,FA,RP,1,0,1,0,2000000
12545,Drew Gagnon,FA,RP,1,0,1,0,2000000
sa919234,Yeizo Campos,FA,RP,1,0,1,0,2000000
sa918182,Julian Garcia,FA,RP,1,0,1,0,2000000
14823,Mark Appel,FA,RP,1,0,1,0,2000000
sa3014797,Cameron Gibbens,FA,RP,1,0,1,0,2000000
19785,Jacob Lemoine,FA,RP,1,0,1,0,2000000
sa917989,Braeden Ogle,FA,RP,1,0,1,0,2000000
12385,Nick Tropeano,FA,RP,1,0,1,0,2000000
sa3011557,Cyrillo Watson,FA,RP,1,0,1,0,2000000
sa919034,Kevin Malisheski,FA,RP,1,0,1,0,2000000
sa659000,Jackson McClelland,FA,RP,1,0,1,0,2000000
sa659074,Matt Withrow,FA,RP,1,0,1,0,2000000
sa657950,Kieran Lovegrove,FA,RP,1,0,1,0,2000000
sa3004489,Marcus Reyes,FA,RP,1,0,1,0,2000000
sa875346,Danny Dopico,FA,RP,1,0,1,0,2000000
sa917928,Kevin Gowdy,FA,RP,1,0,1,0,2000000
sa3006808,Connor Higgins,FA,RP,1,0,1,0,2000000
sa873497,Jhonleider Salinas,FA,RP,1,0,1,0,2000000
sa3003932,Bryan Sammons,FA,RP,1,0,1,0,2000000
sa3006954,Trey Cumbie,FA,RP,1,0,1,0,2000000
17792,Patrick Weigel,FA,RP,1,0,1,0,2000000
sa919409,Jake Elliott,FA,RP,1,0,1,0,2000000
sa3011394,Zack Plunkett,FA,RP,1,0,1,0,2000000
sa3006763,J.T. Hintzen,FA,RP,1,0,1,0,2000000
22449,Nivaldo Rodriguez,FA,RP,1,0,1,0,2000000
9029,Adam Warren,FA,RP,1,0,1,0,2000000
19231,Caleb Baragar,FA,RP,1,0,1,0,2000000
sa875017,Dakota Chalmers,FA,RP,1,0,1,0,2000000
sa3002795,Edward Cuello,FA,RP,1,0,1,0,2000000
sa3011363,Hansen Butler,FA,RP,1,0,1,0,2000000
sa3010786,Nick Lackney,FA,RP,1,0,1,0,2000000
15846,Adam Plutko,FA,RP,1,0,1,0,2000000
sa737459,Salvador Justo,FA,RP,1,0,1,0,2000000
17470,Chad Sobotka,FA,RP,1,0,1,0,2000000
sa873758,Luis Perez,FA,RP,1,0,1,0,2000000
sa872728,Nick Highberger,FA,RP,1,0,1,0,2000000
9895,Chris Rusin,FA,RP,1,0,1,0,2000000
7407,Javy Guerra,FA,RP,1,0,1,0,2000000
16618,Kyle Bird,FA,RP,1,0,1,0,2000000
9456,Ryan Buchter,FA,RP,1,0,1,0,2000000
sa873729,Eury Ramos,FA,RP,1,0,1,0,2000000
14272,Brian Johnson,FA,RP,1,0,1,0,2000000
sa3007484,Will Gardner,FA,RP,1,0,1,0,2000000
sa3005261,Kevin Marnon,FA,RP,1,0,1,0,2000000
sa3011797,Jordan Martinson,FA,RP,1,0,1,0,2000000
18076,Matt Hall,FA,RP,1,0,1,0,2000000
sa3010656,Julian Valdez,FA,RP,1,0,1,0,2000000
4682,Pat Neshek,FA,RP,1,0,1,0,2000000
11071,Mickey Jannis,FA,RP,1,0,1,0,2000000
11694,Nick Kingham,FA,RP,1,0,1,0,2000000
sa3011326,Austin Reich,FA,RP,1,0,1,0,2000000
sa917739,Melvin Jimenez,FA,RP,1,0,1,0,2000000
sa829573,Tyler Schimpf,FA,RP,1,0,1,0,2000000
20218,Yennsy Díaz,FA,RP,1,0,1,0,2000000
14764,Wes Parsons,FA,RP,1,0,1,0,2000000
sa918461,Pearson McMahan,FA,RP,1,0,1,0,2000000
13397,Sam Selman,FA,RP,1,0,1,0,2000000
18510,Josh Rogers,FA,RP,1,0,1,0,2000000
sa3014780,Graham Lawson,FA,RP,1,0,1,0,2000000
sa918926,Troy Bacon,FA,RP,1,0,1,0,2000000
sa3007970,Hunter Speer,FA,RP,1,0,1,0,2000000
sa874818,Wandisson Charles,FA,RP,1,0,1,0,2000000
11596,Deck McGuire,FA,RP,1,0,1,0,2000000
sa3002777,Jacob Patterson,FA,RP,1,0,1,0,2000000
sa829399,Cre Finfrock,FA,RP,1,0,1,0,2000000
12183,Cody Allen,FA,RP,1,0,1,0,2000000
20385,Isaac Mattson,FA,RP,1,0,1,0,2000000
sa915807,Dakota Mekkes,FA,RP,1,0,1,0,2000000
sa829753,Keith Rogalla,FA,RP,1,0,1,0,2000000
16793,Kyle McGrath,FA,RP,1,0,1,0,2000000
16086,Edubray Ramos,FA,RP,1,0,1,0,2000000
sa918421,Dakody Clemmer,FA,RP,1,0,1,0,2000000
19276,Edgar García,FA,RP,1,0,1,0,2000000
15979,Akeem Bostick,FA,RP,1,0,1,0,2000000
sa3009861,Nic Laio,FA,RP,1,0,1,0,2000000
sa3009937,Willy Gaston,FA,RP,1,0,1,0,2000000
sa738946,Parker Bugg,FA,RP,1,0,1,0,2000000
10983,Ben Rowen,FA,RP,1,0,1,0,2000000
sa602623,Heath Holder,FA,RP,1,0,1,0,2000000
18873,Beau Burrows,FA,RP,1,0,1,0,2000000
10218,Aaron Northcraft,FA,RP,1,0,1,0,2000000
sa947763,Miguel Medrano,FA,RP,1,0,1,0,2000000
sa3007620,Michael Costanzo,FA,RP,1,0,1,0,2000000
sa829086,Yoan Aybar,FA,RP,1,0,1,0,2000000
sa857600,Matt Eckelman,FA,RP,1,0,1,0,2000000
sa928287,Raul Brito,FA,RP,1,0,1,0,2000000
13946,Tim Peterson,FA,RP,1,0,1,0,2000000
sa621512,Paul Schwendel,FA,RP,1,0,1,0,2000000
5420,Pedro Báez,FA,RP,1,0,1,0,2000000
sa3006760,Shea Murray,FA,RP,1,0,1,0,2000000
16132,Justin Shafer,FA,RP,1,0,1,0,2000000
sa3007456,Ricky Salinas,FA,RP,1,0,1,0,2000000
sa918469,Raymond Burgos,FA,RP,1,0,1,0,2000000
19757,Kazuhisa Makita,FA,RP,1,0,1,0,2000000
sa3006803,Michael Flynn,FA,RP,1,0,1,0,2000000
sa3010774,Devon Roedahl,FA,RP,1,0,1,0,2000000
sa3005410,Manuel Alvarez,FA,RP,1,0,1,0,2000000
sa3008165,Bryan Warzek,FA,RP,1,0,1,0,2000000
sa3005217,Brandon Withers,FA,RP,1,0,1,0,2000000
18475,Shea Spitzbarth,FA,RP,1,0,1,0,2000000
sa3010140,Arman Sabouri,FA,RP,1,0,1,0,2000000
sa1170441,Matt Gill,FA,RP,1,0,1,0,2000000
sa3004709,Franklin Van Gurp,FA,RP,1,0,1,0,2000000
sa918110,Tai Tiedemann,FA,RP,1,0,1,0,2000000
16377,Ryan Castellani,FA,RP,1,0,1,0,2000000
14033,Mike Hauschild,FA,RP,1,0,1,0,2000000
10133,Brad Boxberger,FA,RP,64,0,64,0,2000000
sa3014794,Mike Mokma,FA,RP,1,0,1,0,2000000
sa918085,Remey Reed,FA,RP,1,0,1,0,2000000
sa3011421,Orlando Rodriguez,FA,RP,1,0,1,0,2000000
sa3010819,Kevin Milam,FA,RP,1,0,1,0,2000000
sa874790,Austin Smith,FA,RP,1,0,1,0,2000000
sa875330,Justin Marsden,FA,RP,1,0,1,0,2000000
sa872457,Mailon Arroyo,FA,RP,1,0,1,0,2000000
sa3006757,Will McAffer,FA,RP,1,0,1,0,2000000
sa3004652,Sandel De La Cruz,FA,RP,1,0,1,0,2000000
sa918959,Jean Casanova,FA,RP,1,0,1,0,2000000
sa873291,Carlos Suniaga,FA,RP,1,0,1,0,2000000
sa3009919,Sam Hellinger,FA,RP,1,0,1,0,2000000
sa3008176,Samuel Perez,FA,RP,1,0,1,0,2000000
sa876164,Tyler Watson,FA,RP,1,0,1,0,2000000
sa875839,Jose Mora,FA,RP,1,0,1,0,2000000
sa832333,Jesus Linarez,FA,RP,1,0,1,0,2000000
sa873152,Fabian Blanco,FA,RP,1,0,1,0,2000000
sa3007481,Bryce Nightengale,FA,RP,1,0,1,0,2000000
sa3010811,Garrett Farmer,FA,RP,1,0,1,0,2000000
sa3006981,Kyle Hinton,FA,RP,1,0,1,0,2000000
sa873302,Gilberto Chu,FA,RP,1,0,1,0,2000000
sa3011780,Addison Moss,FA,RP,1,0,1,0,2000000
sa3010003,Nate Jones,FA,RP,1,0,1,0,2000000
sa3014931,Diego Granado,FA,RP,1,0,1,0,2000000
sa3006831,Tyler Suellentrop,FA,RP,1,0,1,0,2000000
sa3007454,Luis Alvarado,FA,RP,1,0,1,0,2000000
sa3007480,Tanner Driskill,FA,RP,1,0,1,0,2000000
sa3011242,Brayden Theriot,FA,RP,1,0,1,0,2000000
sa915599,Conner O'Neil,FA,RP,1,0,1,0,2000000
sa3009857,Kipp Rollings,FA,RP,1,0,1,0,2000000
sa3008258,Ryan Williamson,FA,RP,1,0,1,0,2000000
sa3008645,Tyler Gillies,FA,RP,1,0,1,0,2000000
sa917835,Eris Filpo,FA,RP,1,0,1,0,2000000
sa3005222,Alexander Montero,FA,RP,1,0,1,0,2000000
sa917821,Luis Ramirez,FA,RP,1,0,1,0,2000000
sa3008373,Jose Santamaria,FA,RP,1,0,1,0,2000000
sa3011348,Jordan Bocko,FA,RP,1,0,1,0,2000000
sa3011140,Jonathan Pendergast,FA,RP,1,0,1,0,2000000
sa3007265,Cody Tyler,FA,RP,1,0,1,0,2000000
sa3007774,Zach Daniels,FA,RP,1,0,1,0,2000000
sa3004732,Evy Ruibal,FA,RP,1,0,1,0,2000000
sa3006828,Tyler Smith,FA,RP,1,0,1,0,2000000
sa1054455,Greg Veliz,FA,RP,1,0,1,0,2000000
sa3007712,Colin Schmid,FA,RP,1,0,1,0,2000000
sa3006101,Daniel Cruz,FA,RP,1,0,1,0,2000000
sa917957,Nick Hanson,FA,RP,1,0,1,0,2000000
sa919907,Jose Albertos,FA,RP,1,0,1,0,2000000
sa916947,Jhonatan Munoz,FA,RP,1,0,1,0,2000000
sa828333,Erick Julio,FA,RP,1,0,1,0,2000000
sa3006562,Yaramil Hiraldo,FA,RP,1,0,1,0,2000000
sa3015011,Thomas Girard,FA,RP,1,0,1,0,2000000
sa3011591,Marrick Crouse,FA,RP,1,0,1,0,2000000
sa3015387,Kyle Gruller,FA,RP,1,0,1,0,2000000
sa3005075,Yasel Santana,FA,RP,1,0,1,0,2000000
sa3004993,Mark Simon,FA,RP,1,0,1,0,2000000
sa3006638,Igor Januario,FA,RP,1,0,1,0,2000000
sa3010651,Davis Schwab,FA,RP,1,0,1,0,2000000
sa3017279,Matthew McMillan,FA,RP,1,0,1,0,2000000
sa3004769,Yoilan Quinonez,FA,RP,1,0,1,0,2000000
sa3015056,Mason Feole,FA,RP,1,0,1,0,2000000
sa3004641,Moises Ceja,FA,RP,1,0,1,0,2000000
sa873186,Oscar Tovar,FA,RP,1,0,1,0,2000000
sa3008559,Gabriel Jaramillo,FA,RP,1,0,1,0,2000000
sa3017845,Adam Scoggins,FA,RP,1,0,1,0,2000000
sa3008387,Damon Casetta-Stubbs,FA,RP,1,0,1,0,2000000
sa3004091,Sal Biasi,FA,RP,1,0,1,0,2000000
sa3005432,Alex Valdez,FA,RP,1,0,1,0,2000000
sa917807,Edison Suriel,FA,RP,1,0,1,0,2000000
sa3008430,Andrew Shaps,FA,RP,1,0,1,0,2000000
sa3007998,Leudeny Pineda,FA,RP,1,0,1,0,2000000
sa3011872,Ben Thompson,FA,RP,1,0,1,0,2000000
sa1171993,Anthony Zimmerman,FA,RP,1,0,1,0,2000000
sa3010634,Nick Yoder,FA,RP,1,0,1,0,2000000
sa904550,Duilio Ochoa,FA,RP,1,0,1,0,2000000
sa917912,Abel Adames,FA,RP,1,0,1,0,2000000
sa3004465,Gio Arriera,FA,RP,1,0,1,0,2000000
sa1170086,Tyler Garbee,FA,RP,1,0,1,0,2000000
sa917883,Yeremi Ceballos,FA,RP,1,0,1,0,2000000
sa3005017,Nate Peden,FA,RP,1,0,1,0,2000000
sa3010577,Jason Reynolds,FA,RP,1,0,1,0,2000000
sa3006066,Miguel Suero,FA,RP,1,0,1,0,2000000
sa3004579,Wellington Diaz,FA,RP,1,0,1,0,2000000
sa3018095,Palmer Wenzel,FA,RP,1,0,1,0,2000000
sa3007812,Christian Vann,FA,RP,1,0,1,0,2000000
sa3006408,Heribert Garcia,FA,RP,1,0,1,0,2000000
sa3010576,Evan Brabrand,FA,RP,1,0,1,0,2000000
sa3002680,Jonas De La Cruz,FA,RP,1,0,1,0,2000000
sa3008710,Audry Lugo,FA,RP,1,0,1,0,2000000
sa3007602,Chih-Ting Wang,FA,RP,1,0,1,0,2000000
sa3010650,Sam Kessler,FA,RP,1,0,1,0,2000000
sa916705,Angello Infante,FA,RP,1,0,1,0,2000000
sa3005442,Brailin Gonzalez,FA,RP,1,0,1,0,2000000
sa3014933,John LaRossa,FA,RP,1,0,1,0,2000000
sa3011528,Nick Snyder,FA,RP,1,0,1,0,2000000
sa1119388,Bryce Tucker,FA,RP,1,0,1,0,2000000
sa3007610,Christian Tripp,FA,RP,1,0,1,0,2000000
sa738270,Daniel Procopio,FA,RP,1,0,1,0,2000000
sa873724,Hector Figueroa,FA,RP,1,0,1,0,2000000
sa3009605,Soenni Martinez,FA,RP,1,0,1,0,2000000
sa3016221,Barbaro Pinero,FA,RP,1,0,1,0,2000000
sa3002914,Gabriel Noguera,FA,RP,1,0,1,0,2000000
sa3006816,Adrian Del Moral,FA,RP,1,0,1,0,2000000
sa3011422,Wandi Montout,FA,RP,1,0,1,0,2000000
sa3010662,Danny Cody,FA,RP,1,0,1,0,2000000
sa3003096,Rafael Monsion,FA,RP,1,0,1,0,2000000
sa921578,Enmanuel Solano,FA,RP,1,0,1,0,2000000
sa3005863,Luis Tena,FA,RP,1,0,1,0,2000000
sa3008708,Wilgenis Alvarado,FA,RP,1,0,1,0,2000000
sa873207,Freicer Perez,FA,RP,1,0,1,0,2000000
sa1119731,Keegan McCarville,FA,RP,1,0,1,0,2000000
sa3014785,Garrett Lawson,FA,RP,1,0,1,0,2000000
sa3019610,Shane Gustafson,FA,RP,1,0,1,0,2000000
sa3009466,Alberto Sojo,FA,RP,1,0,1,0,2000000
sa872871,Xavier Javier,FA,RP,1,0,1,0,2000000
sa1169857,Jake Stevenson,FA,RP,1,0,1,0,2000000
sa875595,Jacob Schlesener,FA,RP,1,0,1,0,2000000
sa873529,Tomás Alastre,FA,RP,1,0,1,0,2000000
sa3003139,Jose Miguel Gonzalez,FA,RP,1,0,1,0,2000000
sa3014974,Justin Crump,FA,RP,1,0,1,0,2000000
sa3006542,Yoelvis Reyes,FA,RP,1,0,1,0,2000000
sa3015279,Juan Mateo,FA,RP,1,0,1,0,2000000
sa3015145,Connor Sechler,FA,RP,1,0,1,0,2000000
sa3015099,Haydn King,FA,RP,1,0,1,0,2000000
sa3017459,Jared Pettitte,FA,RP,1,0,1,0,2000000
sa3011419,A.J. Franklin,FA,RP,1,0,1,0,2000000
sa3015274,Mason Cole,FA,RP,1,0,1,0,2000000
sa3007857,Steffon Moore,FA,RP,1,0,1,0,2000000
sa3015039,Drake Nightengale,FA,RP,1,0,1,0,2000000
sa3010302,Sam Romero,FA,RP,1,0,1,0,2000000
sa3008266,Reyson Santos,FA,RP,1,0,1,0,2000000
sa3011894,Dawel Rodriguez,FA,RP,1,0,1,0,2000000
sa3007250,Jake Zebron,FA,RP,1,0,1,0,2000000
sa3009499,Homer Cruz,FA,RP,1,0,1,0,2000000
sa3016232,Sebastian Rodriguez,FA,RP,1,0,1,0,2000000
sa3005431,Jean Carlos Lucas,FA,RP,1,0,1,0,2000000
sa873218,Julio Frias,FA,RP,1,0,1,0,2000000
sa3010318,Peyton Long,FA,RP,1,0,1,0,2000000
sa3005025,Sam Keating,FA,RP,1,0,1,0,2000000
sa3016265,Taylor Bloye,FA,RP,1,0,1,0,2000000
sa3007257,Rigo Fernandez,FA,RP,1,0,1,0,2000000
sa3003058,Leonardo Rodriguez,FA,RP,1,0,1,0,2000000
sa3010319,Jacob Forrester,FA,RP,1,0,1,0,2000000
sa3017320,Shane Connolly,FA,RP,1,0,1,0,2000000
sa3011343,Kenny Wells,FA,RP,1,0,1,0,2000000
sa1170121,Tanner Jesson-Dalton,FA,RP,1,0,1,0,2000000
sa917879,Leonel Aponte,FA,RP,1,0,1,0,2000000
sa3007258,Kellen Rholl,FA,RP,1,0,1,0,2000000
sa3011220,Alex Roth,FA,RP,1,0,1,0,2000000
sa1115756,Zach Kohn,FA,RP,1,0,1,0,2000000
sa3002804,Jose Garcia,FA,RP,1,0,1,0,2000000
sa3010664,Edward Baram,FA,RP,1,0,1,0,2000000
sa3009859,Cristian Sierra,FA,RP,1,0,1,0,2000000
sa917060,Jhosua Alcantara,FA,RP,1,0,1,0,2000000
sa3005018,Liam McCall,FA,RP,1,0,1,0,2000000
sa3009740,Miguel Padilla,FA,RP,1,0,1,0,2000000
sa918239,Justin Miller,FA,RP,1,0,1,0,2000000
sa3014855,Brandon Jenkins,FA,RP,1,0,1,0,2000000
sa3011529,Daniel Nunan,FA,RP,1,0,1,0,2000000
sa917393,Jhonny Valdez,FA,RP,1,0,1,0,2000000
sa3005691,Anthony Escobar,FA,RP,1,0,1,0,2000000
sa3015074,Parker Brahms,FA,RP,1,0,1,0,2000000
sa3005872,Luis Ortiz,FA,RP,1,0,1,0,2000000
sa3005295,Harrison Francis,FA,RP,1,0,1,0,2000000
sa3014930,Cole Milam,FA,RP,1,0,1,0,2000000
sa3017658,Matt Sparling,FA,RP,1,0,1,0,2000000
sa3010320,Brock Begue,FA,RP,1,0,1,0,2000000
sa3010562,Corey Stone,FA,RP,1,0,1,0,2000000
sa3008701,Junior Montero,FA,RP,1,0,1,0,2000000
sa3006987,Marcus Evey,FA,RP,1,0,1,0,2000000
sa1170483,Tyler Adams,FA,RP,1,0,1,0,2000000
sa3007239,Alberto Gonzalez,FA,RP,1,0,1,0,2000000
sa916839,Jorge Labrador,FA,RP,1,0,1,0,2000000
sa3010629,Will Guay,FA,RP,1,0,1,0,2000000
sa3008695,Jean Marcelino,FA,RP,1,0,1,0,2000000
sa3015159,Carlos Hiraldo,FA,RP,1,0,1,0,2000000
sa3007904,Yeancarlos Lleras,FA,RP,1,0,1,0,2000000
sa873153,Juan De Paula,FA,RP,1,0,1,0,2000000
sa3007905,Adenys Bautista,FA,RP,1,0,1,0,2000000
sa3014970,Ben Keizer,FA,RP,1,0,1,0,2000000
sa3007462,Cole Aker,FA,RP,1,0,1,0,2000000
sa3002973,Elixon Caballero,FA,RP,1,0,1,0,2000000
sa3008518,Ian Koch,FA,RP,1,0,1,0,2000000
sa737055,Jose Almonte,FA,RP,1,0,1,0,2000000
sa3009528,Juan Rivera,FA,RP,1,0,1,0,2000000
sa3015060,Carson King,FA,RP,1,0,1,0,2000000
sa1170406,Ryan Troutman,FA,RP,1,0,1,0,2000000
sa1170576,Whit Drennan,FA,RP,1,0,1,0,2000000
12272,Aaron Brooks,FA,RP,26,0,26,0,2000000
13758,Tyler Duffey,FA,RP,39,0,39,0,2000000
sa3007907,Francisco Justo,FA,RP,1,0,1,0,2000000
sa3003143,Fabricio Reina,FA,RP,1,0,1,0,2000000
sa3008554,Rafael Martinez,FA,RP,1,0,1,0,2000000
sa917066,Enrique Saldana,FA,RP,1,0,1,0,2000000
sa917183,David Sanchez,FA,RP,1,0,1,0,2000000
sa3009211,Andres Ortuno,FA,RP,1,0,1,0,2000000
sa3009244,Rafael Camacho,FA,RP,1,0,1,0,2000000
sa917964,Skylar Szynski,FA,RP,1,0,1,0,2000000
sa3008692,Rafael Tua,FA,RP,1,0,1,0,2000000
sa3015453,Wander De La Rosa,FA,RP,1,0,1,0,2000000
sa3016490,Starlin Santos,FA,RP,1,0,1,0,2000000
sa3017859,Eris Rodriguez,FA,RP,1,0,1,0,2000000
sa3009612,Julio Ayola,FA,RP,1,0,1,0,2000000
sa3009203,Odue Civada,FA,RP,1,0,1,0,2000000
sa3010251,Harif Frias,FA,RP,1,0,1,0,2000000
sa3006144,Cristian Acosta,FA,RP,1,0,1,0,2000000
20042,Jesus Cruz,FA,RP,10,0,10,0,2000000
13801,Austin Adams,FA,RP,34,0,34,0,2000000
sa3009752,Mario Doble,FA,RP,1,0,1,0,2000000
sa3015939,Michael Perdomo,FA,RP,1,0,1,0,2000000
sa3015970,Ronny Chalas,FA,RP,1,0,1,0,2000000
sa3006384,Adolfo Bauza,FA,RP,1,0,1,0,2000000
sa3006496,Luis Villar,FA,RP,1,0,1,0,2000000
sa3015980,Stiwar Adames,FA,RP,1,0,1,0,2000000
sa3016239,Anthony Martinez,FA,RP,1,0,1,0,2000000
sa3015419,Irving Medina,FA,RP,1,0,1,0,2000000
sa3017101,Jose Estrada,FA,RP,1,0,1,0,2000000
sa3007843,Giovahniey German,FA,RP,1,0,1,0,2000000
sa3011804,Raul Mendoza,FA,RP,1,0,1,0,2000000
15823,Zack Littell,FA,RP,38,0,38,0,2000000
sa3009464,Carlos Reyes,FA,RP,1,0,1,0,2000000
sa3016002,Daniel Cordero,FA,RP,1,0,1,0,2000000
sa3015287,Joshua Paulina,FA,RP,1,0,1,0,2000000
sa3006071,Francisco Benitez,FA,RP,1,0,1,0,2000000
sa3011691,Henry Morales,FA,RP,1,0,1,0,2000000
19269,T.J. Zeuch,FA,RP,20,0,20,0,2000000
13654,Jharel Cotton,FA,RP,30,0,30,0,2000000
sa3016479,Jose Alcila,FA,RP,1,0,1,0,2000000
sa3009594,Jose Peraza,FA,RP,1,0,1,0,2000000
sa3016042,Brian Sierra,FA,RP,1,0,1,0,2000000
sa3011586,Wilfri Figuereo,FA,RP,1,0,1,0,2000000
sa3015958,Luis Bellorin,FA,RP,1,0,1,0,2000000
sa3009789,Ronni Montero,FA,RP,1,0,1,0,2000000
sa3017006,Erick Caines,FA,RP,1,0,1,0,2000000
sa3016024,Freilyn De Pena,FA,RP,1,0,1,0,2000000
sa3010810,Orlando Fulgencio,FA,RP,1,0,1,0,2000000
12323,Jacob Barnes,FA,RP,33,0,33,0,2000000
7738,Wily Peralta,FA,RP,43,0,43,0,2000000
sa3009249,Oliver Lopez,FA,RP,1,0,1,0,2000000
6661,Alex Colomé,FA,RP,60,0,60,0,2000000
sa3015982,Reyson Santos,FA,RP,1,0,1,0,2000000
sa3016294,Remy Cesar,FA,RP,1,0,1,0,2000000
17432,Jeff Hoffman,FA,RP,45,0,45,0,2000000
3237,T.J. McFarland,FA,RP,25,0,25,-0.1,2000000
13420,Matt Koch,FA,RP,10,0,10,-0.1,2000000
14361,Ty Blach,FA,RP,35,0,35,-0.1,2000000
16873,Eric Stout,FA,RP,22,0,22,-0.1,2000000
3321,Darren O'Day,FA,RP,44,0,44,-0.1,2000000
9111,Brad Hand,FA,RP,60,0,60,-0.1,2000000
6797,Julio Teheran,FA,SP,8,0,45,-0.1,2000000
11632,Heath Hembree,FA,RP,38,0,38,-0.1,2000000
6895,Chase Anderson,FA,SP,8,0,42,-0.1,2000000
8110,Bryan Shaw,FA,RP,41,0,41,-0.1,2000000
18337,Nick Anderson,FA,RP,50,0,50,-0.1,2000000
14966,Reyes Moronta,FA,RP,39,0,39,-0.1,2000000
10688,Tyler Thornburg,FA,RP,31,0,31,-0.1,2000000
12804,Matt Wisler,FA,RP,47,0,47,-0.1,2000000
10197,Shelby Miller,FA,RP,56,0,56,-0.1,2000000
11801,Hansel Robles,FA,RP,46,0,46,-0.1,2000000
10855,Chasen Shreve,FA,RP,26,0,26,-0.1,2000000
15594,Nick Wittgren,FA,RP,42,0,42,-0.1,2000000
6483,Steve Cishek,FA,RP,59,0,59,-0.1,2000000
12918,Archie Bradley,FA,RP,51,0,51,-0.2,2000000
6986,Ian Kennedy,FA,RP,51,0,51,-0.2,2000000
7836,Hunter Strickland,FA,RP,50,0,50,-0.2,2000000
12800,Noé Ramirez,FA,RP,41,0,41,-0.2,2000000
3281,Joe Smith,FA,RP,36,0,36,-0.2,2000000
13182,Kyle Crick,FA,RP,38,0,38,-0.2,2000000
2608,Jhoulys Chacín,FA,RP,44,0,44,-0.2,2000000
9817,Sergio Romo,FA,RP,40,0,40,-0.3,2000000
15640,Aaron Judge,FA,CF,150,674,0,6.7,37936277
15640,Aaron Judge,FA,RF,150,674,0,6.7,37936277
13510,José Ramírez,FA,3B,150,663,0,5.3,2000000
14162,Carlos Correa,FA,SS,147,647,0,5.2,31752678
16252,Trea Turner,FA,SS,150,687,0,4.7,33616679
12927,Brandon Nimmo,FA,CF,150,689,0,4.7,21199909
12161,Xander Bogaerts,FA,SS,149,648,0,4.5,29555829
19197,Will Smith,FA,C,126,547,0,4.1,2000000
18314,Dansby Swanson,FA,SS,150,641,0,3.2,24801755
11609,Willson Contreras,FA,C,122,543,0,3.1,16418684
11609,Willson Contreras,FA,DH,122,543,0,3.1,16418684
5933,Jean Segura,FA,2B,130,555,0,2.6,4948750
5933,Jean Segura,FA,SS,130,555,0,2.6,4948750
3473,Anthony Rizzo,FA,1B,131,587,0,2.4,21422347
15676,José Abreu,FA,1B,150,650,0,2.4,12748090
17901,Andrew Benintendi,FA,LF,130,567,0,2.3,17397505
13338,Omar Narváez,FA,C,100,410,0,2.2,3145512
9774,Christian Vázquez,FA,C,96,385,0,2.1,6730990
14274,Mitch Haniger,FA,RF,134,606,0,2,15012727
13145,Josh Bell,FA,1B,139,599,0,1.9,13831870
8709,Elvis Andrus,FA,SS,122,498,0,1.9,4524458
15223,Adam Frazier,FA,2B,130,557,0,1.8,10017700
11899,Joc Pederson,FA,LF,122,532,0,1.8,14684536
13265,Mike Zunino,FA,C,80,313,0,1.7,9645521
5235,Justin Turner,FA,3B,130,550,0,1.7,8663516
11615,Brandon Drury,FA,3B,131,563,0,1.7,9391479
5235,Justin Turner,FA,DH,130,550,0,1.7,8663516
10231,José Iglesias,FA,SS,110,454,0,1.5,5058792
10815,Jurickson Profar,FA,LF,134,580,0,1.5,14909248
4106,Michael Brantley,FA,LF,109,486,0,1.5,8030809
4106,Michael Brantley,FA,DH,109,486,0,1.5,8030809
2900,Roberto Perez,FA,C,78,308,0,1.4,2958417
15149,Trey Mancini,FA,1B,138,600,0,1.2,18117905
12325,Jace Peterson,FA,3B,91,373,0,1.2,6517690
15937,Aledmys Díaz,FA,SS,87,364,0,1.2,4608517
15937,Aledmys Díaz,FA,LF,87,364,0,1.2,4608517
15149,Trey Mancini,FA,DH,138,600,0,1.2,18117905
9368,Evan Longoria,FA,3B,107,452,0,1.1,5210717
14128,Joey Gallo,FA,LF,104,429,0,1.1,8919649
11038,Kevin Kiermaier,FA,CF,100,408,0,1.1,6624958
14128,Joey Gallo,FA,RF,104,429,0,1.1,8919649
12976,Austin Hedges,FA,C,74,284,0,1,2000000
13807,Kevin Plawecki,FA,C,54,214,0,1,2000000
8202,Josh Harrison,FA,2B,97,397,0,1,3500696
2967,Tommy Pham,FA,LF,131,578,0,1,8353833
9256,AJ Pollock,FA,LF,120,500,0,1,2000000
10200,Tucker Barnhart,FA,C,78,306,0,0.9,2000000
11442,Gary Sanchez,FA,C,82,331,0,0.9,6400157
2396,Carlos Santana,FA,1B,117,495,0,0.9,10478480
10264,Brandon Belt,FA,1B,94,407,0,0.9,16090407
2136,David Peralta,FA,LF,115,487,0,0.9,8307233
2396,Carlos Santana,FA,DH,117,495,0,0.9,10478480
11442,Gary Sanchez,FA,DH,82,331,0,0.9,6400157
8623,Donovan Solano,FA,1B,73,303,0,0.8,5778406
10047,Wil Myers,FA,1B,96,391,0,0.8,10982775
10047,Wil Myers,FA,RF,96,391,0,0.8,10982775
6184,J.D. Martinez,FA,DH,141,610,0,0.8,2000000
8623,Donovan Solano,FA,DH,73,303,0,0.8,5778406
10556,César Hernández,FA,2B,97,430,0,0.7,4589740
12160,Ben Gamel,FA,LF,78,330,0,0.7,2220565
8090,Matt Carpenter,FA,RF,109,436,0,0.7,2000000
12160,Ben Gamel,FA,RF,78,330,0,0.7,2220565
9847,Andrew McCutchen,FA,DH,125,541,0,0.7,7629875
8090,Matt Carpenter,FA,DH,109,436,0,0.7,2000000
12510,Curt Casali,FA,C,60,237,0,0.6,4891195
12282,Rougned Odor,FA,2B,84,339,0,0.6,2000000
13329,Jake Lamb,FA,LF,150,610,0,0.6,2000000
13329,Jake Lamb,FA,DH,150,610,0,0.6,2000000
13836,Matt Duffy,FA,1B,76,314,0,0.5,2000000
19198,Yuli Gurriel,FA,1B,125,529,0,0.5,2000000
10847,Andrelton Simmons,FA,2B,66,255,0,0.5,2000000
13836,Matt Duffy,FA,3B,76,314,0,0.5,2000000
6012,Didi Gregorius,FA,SS,49,198,0,0.5,2000000
10847,Andrelton Simmons,FA,SS,66,255,0,0.5,2000000
13359,Tyler Naquin,FA,RF,96,400,0,0.5,2000000
12981,Cam Gallagher,FA,C,30,120,0,0.4,2000000
11342,Jesús Aguilar,FA,1B,84,366,0,0.4,2000000
11902,Hanser Alberto,FA,2B,60,242,0,0.4,2696796
10762,Corey Dickerson,FA,LF,75,311,0,0.4,2000000
5254,Robbie Grossman,FA,LF,96,414,0,0.4,7044609
11476,Odúbel Herrera,FA,CF,42,175,0,0.4,2000000
5254,Robbie Grossman,FA,RF,96,414,0,0.4,7044609
11342,Jesús Aguilar,FA,DH,84,366,0,0.4,2000000
14523,Pedro Severino,FA,C,42,171,0,0.3,2000000
14523,Pedro Severino,FA,1B,42,171,0,0.3,2000000
14950,Johan Camargo,FA,SS,24,95,0,0.3,2000000
10950,Adam Duvall,FA,LF,79,325,0,0.3,6989934
15191,Chad Pinder,FA,LF,83,348,0,0.3,2000000
12434,Kevin Pillar,FA,LF,50,202,0,0.3,2000000
10950,Adam Duvall,FA,CF,79,325,0,0.3,6989934
15191,Chad Pinder,FA,RF,83,348,0,0.3,2000000
2434,Nelson Cruz,FA,DH,97,421,0,0.3,10319369
14523,Pedro Severino,FA,DH,42,171,0,0.3,2000000
8418,Ehire Adrianza,FA,3B,63,251,0,0.2,2000000
8418,Ehire Adrianza,FA,SS,63,251,0,0.2,2000000
6310,Alcides Escobar,FA,SS,44,184,0,0.2,2000000
12984,Jackie Bradley Jr.,FA,CF,63,248,0,0.2,2000000
12984,Jackie Bradley Jr.,FA,RF,63,248,0,0.2,2000000
17838,Willie Calhoun,FA,DH,36,149,0,0.2,2000000
5273,Sandy Leon,FA,C,32,124,0,0.1,2000000
5497,Marwin Gonzalez,FA,SS,34,137,0,0.1,2000000
15104,Jonathan Davis,FA,CF,16,64,0,0.1,2000000
14735,Brett Phillips,FA,CF,40,160,0,0.1,2000000
14553,Nomar Mazara,FA,RF,23,93,0,0.1,2000000
14735,Brett Phillips,FA,RF,40,160,0,0.1,2000000
17161,Chad Wallach,FA,C,2,6,0,0,2000000
15766,Raudy Read,FA,C,0,1,0,0,2000000
10619,David Freitas,FA,C,0,1,0,0,2000000
sa3005394,Lorenzo Quintana,FA,C,0,1,0,0,2000000
sa829058,Jamie Ritchie,FA,C,0,1,0,0,2000000
16925,Aramis Garcia,FA,C,0,1,0,0,2000000
13132,Andrew Susac,FA,C,0,1,0,0,2000000
sa918049,Michael Cruz,FA,C,0,1,0,0,2000000
sa548359,Roberto Peña,FA,C,0,1,0,0,2000000
15608,Willians Astudillo,FA,C,0,1,0,0,2000000
7476,Alex Avila,FA,C,0,1,0,0,2000000
sa736923,Jhon Nuñez,FA,C,0,1,0,0,2000000
12782,Taylor Davis,FA,C,0,1,0,0,2000000
sa492636,Martin Cervenka,FA,C,0,1,0,0,2000000
sa658013,Ronnie Freeman,FA,C,0,1,0,0,2000000
sa827953,Melvin Novoa,FA,C,0,1,0,0,2000000
sa828313,Roldani Baldwin,FA,C,0,1,0,0,2000000
8609,Tim Federowicz,FA,C,0,1,0,0,2000000
sa918279,Brady Policelli,FA,C,0,1,0,0,2000000
sa885119,Bryan Torres,FA,C,0,1,0,0,2000000
15808,José Godoy,FA,C,0,1,0,0,2000000
sa3006846,David Sheaffer,FA,C,0,1,0,0,2000000
5398,Juan Graterol,FA,C,0,1,0,0,2000000
sa875583,Christian Kelley,FA,C,0,1,0,0,2000000
1433,Wilson Ramos,FA,C,0,1,0,0,2000000
sa738507,Edgar Cabral,FA,C,0,1,0,0,2000000
9284,Chris Herrmann,FA,C,0,1,0,0,2000000
9433,Dustin Garneau,FA,C,0,1,0,0,2000000
sa737214,Carlos Martínez,FA,C,0,1,0,0,2000000
sa548189,Kellin Deglan,FA,C,0,1,0,0,2000000
19245,Chris Okey,FA,C,0,1,0,0,2000000
sa874791,Chris Betts,FA,C,0,1,0,0,2000000
sa3004255,Renae Martinez,FA,C,0,1,0,0,2000000
8722,Jason Castro,FA,C,0,1,0,0,2000000
sa876102,Collin Theroux,FA,C,0,1,0,0,2000000
sa829684,Chris Hudgins,FA,C,0,1,0,0,2000000
sa829276,Gianpaul Gonzalez,FA,C,0,1,0,0,2000000
4243,Jose Lobaton,FA,C,0,1,0,0,2000000
sa3006789,Alex Holderbach,FA,C,0,1,0,0,2000000
7870,Jonathan Lucroy,FA,C,0,1,0,0,2000000
3648,René Rivera,FA,C,0,1,0,0,2000000
sa915865,Deon Stafford,FA,C,0,1,0,0,2000000
sa872828,Javier Guevara,FA,C,0,1,0,0,2000000
sa3006785,Gunnar Troutwine,FA,C,0,1,0,0,2000000
sa3006938,Logan Brown,FA,C,0,1,0,0,2000000
10533,Rocky Gale,FA,C,0,1,0,0,2000000
12284,Kevan Smith,FA,C,0,1,0,0,2000000
11287,Bryan Holaday,FA,C,0,1,0,0,2000000
sa3010160,Jaxx Groshans,FA,C,0,1,0,0,2000000
sa900974,Carlos Soto,FA,C,0,1,0,0,2000000
sa3006854,William Hancock,FA,C,0,1,0,0,2000000
8259,Kurt Suzuki,FA,C,0,1,0,0,2000000
sa827344,Chris Chinea,FA,C,0,1,0,0,2000000
sa918101,Nate Nolan,FA,C,0,1,0,0,2000000
15535,Joseph Odom,FA,C,0,1,0,0,2000000
sa3009893,Luis Trevino,FA,C,0,1,0,0,2000000
5491,Austin Romine,FA,C,0,1,0,0,2000000
sa3004510,Austin Bernard,FA,C,0,1,0,0,2000000
sa602817,Nate Esposito,FA,C,0,1,0,0,2000000
3448,Jeff Mathis,FA,C,0,1,0,0,2000000
sa3007062,Christopher Proctor,FA,C,0,1,0,0,2000000
sa3002710,Juan Aparicio,FA,C,0,1,0,0,2000000
sa3007077,Rusber Estrada,FA,C,0,1,0,0,2000000
sa3018598,Sandro Gaston,FA,C,0,1,0,0,2000000
sa3007073,Dean Nevarez,FA,C,0,1,0,0,2000000
sa917737,Marco Hernandez,FA,C,0,1,0,0,2000000
sa3010584,Cooper Johnson,FA,C,0,1,0,0,2000000
sa3011327,Dustin Skelton,FA,C,0,1,0,0,2000000
sa873181,Raul Hernandez,FA,C,0,1,0,0,2000000
sa3015607,Carlos Rojas,FA,C,0,1,0,0,2000000
sa827140,Kyle Overstreet,FA,C,0,1,0,0,2000000
sa918102,Alan Marrero,FA,C,0,1,0,0,2000000
13176,Blake Swihart,FA,C,0,1,0,0,2000000
sa873330,Andres Guerra,FA,C,0,1,0,0,2000000
sa877334,Ricardo Rodriguez,FA,C,0,1,0,0,2000000
3411,Drew Butera,FA,C,0,1,0,0,2000000
5000,Stephen Vogt,FA,C,0,1,0,0,2000000
sa828363,Keinner Piña,FA,C,0,1,0,0,2000000
sa3006424,Rodolfo Bone,FA,C,0,1,0,0,2000000
sa872495,Jose Rivas,FA,C,0,1,0,0,2000000
sa3018471,Jose Cedeno,FA,C,0,1,0,0,2000000
sa829275,Isaias Quiroz,FA,C,0,1,0,0,2000000
sa3004150,Victor Ruiz,FA,C,0,1,0,0,2000000
sa918726,Joey Roach,FA,C,0,1,0,0,2000000
sa875776,Josh Rolette,FA,C,0,1,0,0,2000000
sa659079,Austin Rei,FA,C,0,1,0,0,2000000
sa3010270,Kyle Wilkie,FA,C,0,1,0,0,2000000
sa828381,Dennis Ortega,FA,C,0,1,0,0,2000000
sa3011153,Allan Berríos,FA,C,0,1,0,0,2000000
9308,Josh Phegley,FA,C,0,1,0,0,2000000
sa3015143,Brady Smith,FA,C,0,1,0,0,2000000
sa1169879,Jonathan Embry,FA,C,0,1,0,0,2000000
sa873350,Jose Tello,FA,C,0,1,0,0,2000000
sa3003408,Cristhian Longa,FA,C,0,1,0,0,2000000
sa917754,Miguel Jerez,FA,C,0,1,0,0,2000000
sa3003213,Felix Familia,FA,C,0,1,0,0,2000000
sa3008190,Juan Paulino,FA,C,0,1,0,0,2000000
sa3005725,Jesus Orecchia,FA,C,0,1,0,0,2000000
sa3016132,Mario Melendez,FA,C,0,1,0,0,2000000
sa3003385,Junior Melo,FA,C,0,1,0,0,2000000
14942,Andrew Knapp,FA,C,23,91,0,0,2000000
16909,Colin Moran,FA,1B,23,94,0,0,2000000
12092,Niko Goodrum,FA,1B,6,27,0,0,2000000
15170,Josh VanMeter,FA,1B,0,1,0,0,2000000
15351,Frank Schwindel,FA,1B,0,1,0,0,2000000
14388,Ronald Guzmán,FA,1B,0,1,0,0,2000000
15585,Mike Ford,FA,1B,0,1,0,0,2000000
17321,Michael Chavis,FA,1B,0,1,0,0,2000000
15697,Gosuke Katoh,FA,1B,0,1,0,0,2000000
17278,Bobby Bradley,FA,1B,0,1,0,0,2000000
5000,Stephen Vogt,FA,1B,0,1,0,0,2000000
12092,Niko Goodrum,FA,2B,6,27,0,0,2000000
15730,Tyler Wade,FA,2B,2,6,0,0,2000000
15608,Willians Astudillo,FA,2B,0,1,0,0,2000000
15170,Josh VanMeter,FA,2B,0,1,0,0,2000000
17736,Richie Martin,FA,2B,0,1,0,0,2000000
14320,Wilmer Difo,FA,2B,0,1,0,0,2000000
10953,Phil Gosselin,FA,2B,0,1,0,0,2000000
13472,Christian Lopes,FA,2B,0,1,0,0,2000000
11602,Carlos Sanchez,FA,2B,0,1,0,0,2000000
15697,Gosuke Katoh,FA,2B,0,1,0,0,2000000
3298,Charlie Culberson,FA,3B,32,129,0,0,2000000
16909,Colin Moran,FA,3B,23,94,0,0,2000000
7226,Matt Davidson,FA,3B,0,1,0,0,2000000
15608,Willians Astudillo,FA,3B,0,1,0,0,2000000
19331,Jose Rojas,FA,3B,0,1,0,0,2000000
16959,Eddy Alvarez,FA,3B,0,1,0,0,2000000
12179,Maikel Franco,FA,3B,0,1,0,0,2000000
17468,Kelvin Gutiérrez,FA,3B,0,1,0,0,2000000
10953,Phil Gosselin,FA,3B,0,1,0,0,2000000
17642,JT Riddle,FA,3B,0,1,0,0,2000000
17807,Drew Jackson,FA,3B,0,1,0,0,2000000
13325,Deven Marrero,FA,3B,0,1,0,0,2000000
4418,Jed Lowrie,FA,SS,6,28,0,0,2000000
11472,Dixon Machado,FA,SS,5,19,0,0,2000000
12092,Niko Goodrum,FA,SS,6,27,0,0,2000000
15730,Tyler Wade,FA,SS,2,6,0,0,2000000
14556,Max Moroff,FA,SS,0,1,0,0,2000000
sa738204,Daniel Pinero,FA,SS,0,1,0,0,2000000
14140,José Rondón,FA,SS,0,1,0,0,2000000
6609,Freddy Galvis,FA,SS,0,1,0,0,2000000
sa873984,C.J. Chatham,FA,SS,0,1,0,0,2000000
sa602586,David Masters,FA,SS,0,1,0,0,2000000
sa877497,Arquímedes Gamboa,FA,SS,0,1,0,0,2000000
10416,Wilfredo Tovar,FA,SS,0,1,0,0,2000000
sa877608,Peter Maris,FA,SS,0,1,0,0,2000000
sa872750,Miguelangel Sierra,FA,SS,0,1,0,0,2000000
sa875729,Chad De La Guerra,FA,SS,0,1,0,0,2000000
sa735861,Rayder Ascanio,FA,SS,0,1,0,0,2000000
4579,Starlin Castro,FA,SS,0,1,0,0,2000000
17736,Richie Martin,FA,SS,0,1,0,0,2000000
19909,Anderson Tejeda,FA,SS,0,1,0,0,2000000
sa827960,Luis Carpio,FA,SS,0,1,0,0,2000000
11400,Ronald Torreyes,FA,SS,0,1,0,0,2000000
7949,Tim Beckham,FA,SS,0,1,0,0,2000000
sa658966,Mikey White,FA,SS,0,1,0,0,2000000
14320,Wilmer Difo,FA,SS,0,1,0,0,2000000
sa830140,Carlos Herrera,FA,SS,0,1,0,0,2000000
10459,Adeiny Hechavarria,FA,SS,0,1,0,0,2000000
13593,José Peraza,FA,SS,0,1,0,0,2000000
16411,Richard Urena,FA,SS,0,1,0,0,2000000
sa915707,Kevin Merrell,FA,SS,0,1,0,0,2000000
sa872730,Edwin Figuera,FA,SS,0,1,0,0,2000000
sa827970,Manuel Geraldo,FA,SS,0,1,0,0,2000000
sa872571,Edgardo Fermin,FA,SS,0,1,0,0,2000000
11155,Elliot Soto,FA,SS,0,1,0,0,2000000
sa736875,Luis Gonzalez,FA,SS,0,1,0,0,2000000
sa872851,Imeldo Diaz,FA,SS,0,1,0,0,2000000
sa735846,Grenny Cumana,FA,SS,0,1,0,0,2000000
sa657479,Malquin Canelo,FA,SS,0,1,0,0,2000000
14515,Luis Marté,FA,SS,0,1,0,0,2000000
sa3008030,AJ Graffanino,FA,SS,0,1,0,0,2000000
17642,JT Riddle,FA,SS,0,1,0,0,2000000
6547,Jordy Mercer,FA,SS,0,1,0,0,2000000
15519,Franklin Barreto,FA,SS,0,1,0,0,2000000
sa3002696,Alexander Hernandez,FA,SS,0,1,0,0,2000000
sa3010280,Jake Hoover,FA,SS,0,1,0,0,2000000
sa828299,Osvaldo Duarte,FA,SS,0,1,0,0,2000000
sa3011423,Ethan Paul,FA,SS,0,1,0,0,2000000
5519,Rubén Tejada,FA,SS,0,1,0,0,2000000
sa3006724,Grant Williams,FA,SS,0,1,0,0,2000000
sa708444,Galli Cribbs Jr.,FA,SS,0,1,0,0,2000000
sa3006791,Connor Kopach,FA,SS,0,1,0,0,2000000
sa657398,Osvaldo Abreu,FA,SS,0,1,0,0,2000000
sa917025,Cristian Perez,FA,SS,0,1,0,0,2000000
sa857840,Kyle Holder,FA,SS,0,1,0,0,2000000
sa857225,Ryan Howard,FA,SS,0,1,0,0,2000000
13325,Deven Marrero,FA,SS,0,1,0,0,2000000
sa828686,Justin Twine,FA,SS,0,1,0,0,2000000
sa3003184,Yerdel Vargas,FA,SS,0,1,0,0,2000000
sa922180,Alfredo Rodriguez,FA,SS,0,1,0,0,2000000
sa3004157,Cody Bohanek,FA,SS,0,1,0,0,2000000
sa873634,Connor Justus,FA,SS,0,1,0,0,2000000
sa875782,Scott Burcham,FA,SS,0,1,0,0,2000000
sa829240,Jeremy Rivera,FA,SS,0,1,0,0,2000000
sa875336,Yeltsin Encarnacion,FA,SS,0,1,0,0,2000000
7290,Jake Elmore,FA,SS,0,1,0,0,2000000
sa3018397,Keiner Delgado,FA,SS,0,1,0,0,2000000
sa1170420,Elvis Peralta,FA,SS,0,1,0,0,2000000
14678,Tzu-Wei Lin,FA,SS,0,1,0,0,2000000
2539,Pete Kozma,FA,SS,0,1,0,0,2000000
11863,Yadiel Rivera,FA,SS,0,1,0,0,2000000
sa3005601,Jose Guzman,FA,SS,0,1,0,0,2000000
sa3005522,Derwin Barreto,FA,SS,0,1,0,0,2000000
sa917329,Ronny Brito,FA,SS,0,1,0,0,2000000
13595,Humberto Arteaga,FA,SS,0,1,0,0,2000000
sa3009284,Esmil Torres,FA,SS,0,1,0,0,2000000
sa3005489,Antoni Flores,FA,SS,0,1,0,0,2000000
sa736621,Johan Cruz,FA,SS,0,1,0,0,2000000
sa872509,Marcos Rivera,FA,SS,0,1,0,0,2000000
sa877519,Adrian Rondon,FA,SS,0,1,0,0,2000000
sa3002708,Jose Tortolero,FA,SS,0,1,0,0,2000000
sa877365,Ricky Aracena,FA,SS,0,1,0,0,2000000
sa3018565,Echedry Vargas,FA,SS,0,1,0,0,2000000
sa3019204,Reylin Perez,FA,SS,0,1,0,0,2000000
sa3005546,Roman Ruiz,FA,SS,0,1,0,0,2000000
sa829182,Alexis Pantoja,FA,SS,0,1,0,0,2000000
sa3003340,Jean Carmona,FA,SS,0,1,0,0,2000000
sa3005626,Nestor Heredia,FA,SS,0,1,0,0,2000000
sa3010909,Garrett Saunders,FA,SS,0,1,0,0,2000000
sa3003178,Reyny Reyes,FA,SS,0,1,0,0,2000000
sa3018938,Cristofer Torin,FA,SS,0,1,0,0,2000000
sa3008293,Zack Kone,FA,SS,0,1,0,0,2000000
sa3009331,Bladimir De La Rosa,FA,SS,0,1,0,0,2000000
sa3014890,Anthony Walters,FA,SS,0,1,0,0,2000000
sa3018632,Marco Vargas,FA,SS,0,1,0,0,2000000
sa3006578,Sander Mora,FA,SS,0,1,0,0,2000000
sa3003328,Franklin Soto,FA,SS,0,1,0,0,2000000
sa3018529,Ricardo Gonzalez,FA,SS,0,1,0,0,2000000
7349,Sean Kazmar Jr.,FA,SS,0,1,0,0,2000000
sa3015616,Maycol Justo,FA,SS,0,1,0,0,2000000
sa3014881,Jake Boone,FA,SS,0,1,0,0,2000000
sa3008378,Albert Jerez,FA,SS,0,1,0,0,2000000
sa3009961,Joshua Rivera,FA,SS,0,1,0,0,2000000
sa3008927,Densi Meli,FA,SS,0,1,0,0,2000000
sa3017122,Geuri Lubo,FA,SS,0,1,0,0,2000000
9807,Ryan Goins,FA,SS,0,1,0,0,2000000
sa3005481,Wilfri Peralta,FA,SS,0,1,0,0,2000000
sa3006886,Jelfry Marte,FA,SS,0,1,0,0,2000000
sa3003183,Marcos Brito,FA,SS,0,1,0,0,2000000
sa3006913,Lency Delgado,FA,SS,0,1,0,0,2000000
sa3002855,Albert Suarez,FA,SS,0,1,0,0,2000000
sa3002624,Jesus Feliz,FA,SS,0,1,0,0,2000000
sa3009820,Franklin Linares,FA,SS,0,1,0,0,2000000
sa3011704,Miguel Droz,FA,SS,0,1,0,0,2000000
sa3015595,Jose Sanabria,FA,SS,0,1,0,0,2000000
sa3006216,Justin Oferman,FA,SS,0,1,0,0,2000000
sa3015627,Yonathan Leon,FA,SS,0,1,0,0,2000000
sa3004508,Jecorrah Arnold,FA,SS,0,1,0,0,2000000
sa3009311,Luis Zambrano,FA,SS,0,1,0,0,2000000
sa3010146,AJ Lee,FA,SS,0,1,0,0,2000000
sa3010340,Jalen Greer,FA,SS,0,1,0,0,2000000
8203,Dee Strange-Gordon,FA,SS,29,117,0,0,2000000
15124,Tim Locastro,FA,LF,15,60,0,0,2000000
5486,Abraham Almonte,FA,LF,0,1,0,0,2000000
19667,Zach Reks,FA,LF,0,1,0,0,2000000
12719,Dillon Thomas,FA,LF,0,1,0,0,2000000
14329,Anthony Alford,FA,LF,0,1,0,0,2000000
7949,Tim Beckham,FA,LF,0,1,0,0,2000000
17023,Magneuris Sierra,FA,LF,0,1,0,0,2000000
17216,Monte Harrison,FA,LF,0,1,0,0,2000000
17719,Steven Duggar,FA,LF,0,1,0,0,2000000
19615,Luis Barrera,FA,LF,0,1,0,0,2000000
16623,Greg Allen,FA,LF,0,1,0,0,2000000
4922,Ender Inciarte,FA,LF,0,1,0,0,2000000
17423,Yermín Mercedes,FA,LF,0,1,0,0,2000000
17807,Drew Jackson,FA,LF,0,1,0,0,2000000
13658,Terrance Gore,FA,LF,0,1,0,0,2000000
15124,Tim Locastro,FA,CF,15,60,0,0,2000000
14352,Lewis Brinson,FA,CF,24,101,0,0,2000000
9077,Lorenzo Cain,FA,CF,0,1,0,0,2000000
5486,Abraham Almonte,FA,CF,0,1,0,0,2000000
16285,Michael Hermosillo,FA,CF,0,1,0,0,2000000
14109,Albert Almora Jr.,FA,CF,0,1,0,0,2000000
14329,Anthony Alford,FA,CF,0,1,0,0,2000000
17023,Magneuris Sierra,FA,CF,0,1,0,0,2000000
17216,Monte Harrison,FA,CF,0,1,0,0,2000000
17719,Steven Duggar,FA,CF,0,1,0,0,2000000
17910,Marcus Wilson,FA,CF,0,1,0,0,2000000
19552,Jaylin Davis,FA,CF,0,1,0,0,2000000
5384,Juan Lagares,FA,CF,0,1,0,0,2000000
13658,Terrance Gore,FA,CF,0,1,0,0,2000000
19331,Jose Rojas,FA,RF,0,1,0,0,2000000
16959,Eddy Alvarez,FA,RF,0,1,0,0,2000000
12719,Dillon Thomas,FA,RF,0,1,0,0,2000000
14109,Albert Almora Jr.,FA,RF,0,1,0,0,2000000
14329,Anthony Alford,FA,RF,0,1,0,0,2000000
19615,Luis Barrera,FA,RF,0,1,0,0,2000000
17910,Marcus Wilson,FA,RF,0,1,0,0,2000000
16623,Greg Allen,FA,RF,0,1,0,0,2000000
15958,Travis Demeritte,FA,RF,0,1,0,0,2000000
19552,Jaylin Davis,FA,RF,0,1,0,0,2000000
17710,Matt Beaty,FA,RF,0,1,0,0,2000000
18136,Ka'ai Tom,FA,RF,0,1,0,0,2000000
17750,Max Schrock,FA,RF,0,1,0,0,2000000
5384,Juan Lagares,FA,RF,0,1,0,0,2000000
5667,Steven Souza Jr.,FA,RF,0,1,0,0,2000000
17807,Drew Jackson,FA,RF,0,1,0,0,2000000
4418,Jed Lowrie,FA,DH,6,28,0,0,2000000
7226,Matt Davidson,FA,DH,0,1,0,0,2000000
14503,Renato Núñez,FA,DH,0,1,0,0,2000000
10839,Rangel Ravelo,FA,DH,0,1,0,0,2000000
15351,Frank Schwindel,FA,DH,0,1,0,0,2000000
7949,Tim Beckham,FA,DH,0,1,0,0,2000000
18881,Curtis Terry,FA,DH,0,1,0,0,2000000
15585,Mike Ford,FA,DH,0,1,0,0,2000000
17423,Yermín Mercedes,FA,DH,0,1,0,0,2000000
9112,Khris Davis,FA,DH,0,1,0,0,2000000
18497,ByungHo Park,FA,DH,0,1,0,0,2000000
13658,Terrance Gore,FA,DH,0,1,0,0,2000000
12649,Alex Dickerson,FA,DH,16,67,0,0,2000000
5000,Stephen Vogt,FA,DH,0,1,0,0,2000000
2151,Edwin Encarnación,FA,DH,0,1,0,0,2000000
12164,Miguel Sanó,FA,1B,78,318,0,-0.1,2000000
10199,Billy Hamilton,FA,LF,18,73,0,-0.1,2000000
11200,Kole Calhoun,FA,RF,71,295,0,-0.1,2000000
15983,Jackson Frazier,FA,LF,47,190,0,-0.2,2000000
15983,Jackson Frazier,FA,DH,47,190,0,-0.2,2000000
3142,Robinson Chirinos,FA,C,45,177,0,-0.4,2000000
