,playerid,Name,Team,POS,G,PA,IP,WAR
3,19918,Daulton Varsho,ARI,C,130,582,0,3.2
4,13613,Ketel Marte,ARI,2B,134,602,0,3.1
7,13419,Christian Walker,ARI,1B,150,644,0,2.7
8,25878,Corbin Carroll,ARI,LF,122,498,0,2.6
10,21622,Jake McCarthy,ARI,RF,141,611,0,2.4
11,19734,Josh Rojas,ARI,3B,125,536,0,2.2
12,13620,Carson Kelly,ARI,C,90,366,0,2
13,19890,Emmanuel Rivera,ARI,3B,92,378,0,0.9
14,12147,Nick Ahmed,ARI,SS,100,386,0,0.8
15,23792,Alek Thomas,ARI,CF,40,168,0,0.8
16,22799,Geraldo Perdomo,ARI,SS,57,218,0,0.7
17,19273,Stone Garrett,ARI,LF,65,273,0,0.5
19,19458,Cooper Hummel,ARI,C,29,122,0,0.4
20,sa3007742,Blaze Alexander,ARI,SS,24,99,0,0.4
23,17040,Jose Herrera,ARI,C,21,81,0,0.3
24,19892,Pavin Smith,ARI,RF,62,248,0,0.2
26,22505,Buddy Kennedy,ARI,2B,5,20,0,0.1
27,sa739013,Dominic Miroglio,ARI,C,0,1,0,0
28,7168,Juan Centeno,ARI,C,0,1,0,0
29,sa3007503,Nick Dalesandro,ARI,C,0,1,0,0
30,sa3002712,Axel Andueza,ARI,C,0,1,0,0
31,sa3016957,Adrian Del Castillo,ARI,C,0,1,0,0
32,sa917939,Andy Yerzy,ARI,C,0,1,0,0
33,sa3006428,Ramses Malave,ARI,C,0,1,0,0
34,17062,Grayson Greiner,ARI,C,0,1,0,0
35,sa3008876,J.J. D'Orazio,ARI,C,0,1,0,0
36,sa3016959,Caleb Roberts,ARI,C,0,1,0,0
37,sa3016628,Moises Alcala,ARI,C,0,1,0,0
38,sa3005539,Sergio Gutierrez,ARI,C,0,1,0,0
39,sa3018595,Alberto Barriga,ARI,C,0,1,0,0
40,sa3016954,Shane Muntz,ARI,C,0,1,0,0
41,sa918343,Lyle Lin,ARI,C,0,1,0,0
42,sa3010598,Oscar Santos,ARI,C,0,1,0,0
43,16417,Sergio Alcántara,ARI,2B,0,1,0,0
44,12198,Jake Hager,ARI,2B,0,1,0,0
45,17326,Cole Tucker,ARI,2B,0,1,0,0
46,16417,Sergio Alcántara,ARI,3B,0,1,0,0
47,sa3017662,Jordan Lawlar,ARI,SS,0,1,0,0
48,16417,Sergio Alcántara,ARI,SS,0,1,0,0
49,sa3005492,Jesus Valdez,ARI,SS,0,1,0,0
50,sa3004065,Jancarlos Cintron,ARI,SS,0,1,0,0
51,sa3016951,Ryan Bliss,ARI,SS,0,1,0,0
52,sa873988,Camden Duzenack,ARI,SS,0,1,0,0
53,17326,Cole Tucker,ARI,SS,0,1,0,0
54,sa3015169,Juan Corniel,ARI,SS,0,1,0,0
55,sa3015715,Manuel Pena,ARI,SS,0,1,0,0
56,sa3014837,Sheng-Ping Chen,ARI,SS,0,1,0,0
57,sa3018508,Jansel Luis,ARI,SS,0,1,0,0
58,sa3018479,Yerald Nin,ARI,SS,0,1,0,0
59,sa3008792,Dairon Cuevas,ARI,SS,0,1,0,0
60,sa3018518,Albert Carpio,ARI,SS,0,1,0,0
61,sa3015818,Anderdson Rojas,ARI,SS,0,1,0,0
62,sa3019401,Abdias De La Cruz,ARI,SS,0,1,0,0
63,sa3015640,Lewin De La Cruz,ARI,SS,0,1,0,0
64,sa3008796,Edward Romero,ARI,SS,0,1,0,0
65,16424,Jordan Luplow,ARI,LF,0,1,0,0
66,16424,Jordan Luplow,ARI,RF,0,1,0,0
67,17326,Cole Tucker,ARI,RF,0,1,0,0
68,20493,Seth Beer,ARI,DH,19,79,0,0
69,18401,Ronald Acuña Jr.,ATL,RF,149,690,0,5.5
70,18360,Austin Riley,ATL,3B,150,655,0,4.4
71,25931,Michael Harris II,ATL,CF,141,611,0,4.3
72,14344,Matt Olson,ATL,1B,150,652,0,3.4
73,16556,Ozzie Albies,ATL,2B,138,570,0,3.1
74,7739,Travis d'Arnaud,ATL,C,93,389,0,2.5
75,26031,Vaughn Grissom,ATL,2B,123,467,0,2.5
77,20503,William Contreras,ATL,DH,113,459,0,1.4
79,13185,Orlando Arcia,ATL,SS,70,274,0,1.1
80,2829,Manny Piña,ATL,C,39,157,0,1
82,10324,Marcell Ozuna,ATL,DH,109,434,0,0.8
83,17954,Sam Hilliard,ATL,LF,50,200,0,0.3
85,sa3010332,Braden Shewmake,ATL,SS,13,53,0,0.1
86,3269,Robinson Canó,ATL,DH,42,169,0,0.1
87,sa549286,Ryan Casteel,ATL,C,0,1,0,0
88,sa3010902,Javier Valdes,ATL,C,0,1,0,0
89,16953,Chadwick Tromp,ATL,C,0,1,0,0
90,sa828422,Hendrik Clementina,ATL,C,0,1,0,0
91,sa858812,Arden Pabst,ATL,C,0,1,0,0
92,sa3016960,Tyler Tolve,ATL,C,0,1,0,0
93,sa3017221,Adam Zebrowski,ATL,C,0,1,0,0
94,sa3010901,Zade Richardson,ATL,C,0,1,0,0
95,sa930082,Victor De Hoyos,ATL,C,0,1,0,0
96,sa3018517,Alexander Martinez,ATL,C,0,1,0,0
97,sa3018965,Alen Pineda,ATL,C,0,1,0,0
98,12399,Taylor Motter,ATL,2B,0,1,0,0
99,19727,Joe Dunand,ATL,2B,0,1,0,0
100,19768,Rylan Bannon,ATL,3B,5,20,0,0
101,12399,Taylor Motter,ATL,3B,0,1,0,0
102,19727,Joe Dunand,ATL,3B,0,1,0,0
103,sa3017075,Luke Waddell,ATL,SS,0,1,0,0
104,12399,Taylor Motter,ATL,SS,0,1,0,0
105,14885,Pat Valaika,ATL,SS,0,1,0,0
106,sa3004934,Riley Delgado,ATL,SS,0,1,0,0
107,sa3017080,Cal Conley,ATL,SS,0,1,0,0
108,sa3010702,Cade Bunnell,ATL,SS,6,26,0,0
109,sa1169595,Beau Philip,ATL,SS,0,1,0,0
110,sa3019900,E.J. Exposito,ATL,SS,0,1,0,0
111,sa3019893,Keshawn Ogans,ATL,SS,0,1,0,0
112,sa3008821,Francisco Floyd,ATL,SS,0,1,0,0
113,sa3018391,Diego Benitez,ATL,SS,0,1,0,0
114,sa3018506,Leiker Figueroa,ATL,SS,0,1,0,0
115,11339,Jake Marisnick,ATL,LF,29,116,0,0
116,18721,Guillermo Heredia,ATL,LF,0,1,0,0
118,18721,Guillermo Heredia,ATL,RF,0,1,0,0
119,12155,Eddie Rosario,ATL,LF,92,380,0,-0.1
120,26288,Adley Rutschman,BAL,C,130,579,0,5.9
121,26289,Gunnar Henderson,BAL,3B,139,612,0,4.3
122,17929,Cedric Mullins,BAL,CF,147,680,0,3.1
124,18795,Ramón Urías,BAL,SS,126,516,0,2.2
125,19363,Austin Hays,BAL,LF,144,587,0,2.1
127,18373,Ryan Mountcastle,BAL,1B,141,600,0,1.9
128,14551,Anthony Santander,BAL,RF,150,651,0,1.9
129,17273,Jorge Mateo,BAL,SS,143,544,0,1.6
130,sa3014499,Jordan Westburg,BAL,SS,50,204,0,1
131,26151,Kyle Stowers,BAL,LF,76,304,0,0.7
133,13854,Anthony Bemboom,BAL,C,32,124,0,0.4
134,24400,Terrin Vavra,BAL,2B,29,119,0,0.3
136,17893,Tyler Nevin,BAL,3B,15,59,0,0.2
137,21304,Mark Kolozsvary,BAL,C,11,41,0,0.1
138,sa3009889,Joey Ortiz,BAL,SS,5,20,0,0.1
139,19928,Ryan McKenna,BAL,LF,23,94,0,0.1
141,sa3010848,Maverick Handley,BAL,C,0,1,0,0
142,sa3007869,Cody Roberts,BAL,C,0,1,0,0
143,sa915611,Brett Cumberland,BAL,C,0,1,0,0
144,sa872806,Andres Angulo,BAL,C,0,1,0,0
145,sa918698,Ramon Rodriguez,BAL,C,0,1,0,0
146,sa3017156,Connor Pavolony,BAL,C,0,1,0,0
147,sa3006222,Wilkin Grullon,BAL,C,0,1,0,0
148,16448,Jacob Nottingham,BAL,C,0,1,0,0
149,sa3017562,Creed Willems,BAL,C,0,1,0,0
150,sa3015354,Brayan Hernandez,BAL,C,0,1,0,0
151,sa3008949,Michael Mantecon,BAL,C,0,1,0,0
152,sa3015739,Yasmil Bucce,BAL,C,0,1,0,0
153,sa3015741,Aneudis Mordan,BAL,C,0,1,0,0
154,sa3016530,Kenny Baez,BAL,C,0,1,0,0
155,sa3018563,Andres Nolaya,BAL,C,0,1,0,0
156,20275,Jonathan Araúz,BAL,2B,0,1,0,0
157,20275,Jonathan Araúz,BAL,3B,0,1,0,0
158,20275,Jonathan Araúz,BAL,SS,0,1,0,0
159,sa3011309,Darell Hernaiz,BAL,SS,0,1,0,0
160,sa3008140,Cadyn Grenier,BAL,SS,0,1,0,0
161,sa3016779,Frederick Bencosme,BAL,SS,0,1,0,0
162,sa3017176,Collin Burns,BAL,SS,0,1,0,0
163,sa3010161,Chris Givin,BAL,SS,0,1,0,0
164,sa3005077,Adam Hall,BAL,SS,0,1,0,0
165,sa3008784,Isaac De Leon,BAL,SS,0,1,0,0
166,sa3008808,Noelberth Romero,BAL,SS,0,1,0,0
167,sa3018526,Edwin Amparo,BAL,SS,0,1,0,0
168,sa3011669,Erison Placencia,BAL,SS,0,1,0,0
169,sa3018535,Cristian Benavides,BAL,SS,0,1,0,0
170,sa3018433,Leandro Arias,BAL,SS,0,1,0,0
171,sa3018550,Edrei Campos,BAL,SS,0,1,0,0
172,14477,Jake Cave,BAL,LF,10,39,0,0
173,18353,Daz Cameron,BAL,CF,2,7,0,0
175,18905,Yusniel Diaz,BAL,RF,0,1,0,0
176,17350,Rafael Devers,BOS,3B,150,662,0,4.8
178,12564,Trevor Story,BOS,SS,149,642,0,2.9
179,17027,Alex Verdugo,BOS,LF,147,660,0,2.5
181,22514,Triston Casas,BOS,1B,128,524,0,2
182,10472,Enrique Hernández,BOS,CF,125,559,0,1.9
183,15674,Reese McGuire,BOS,C,84,327,0,1.8
184,16434,Christian Arroyo,BOS,2B,96,383,0,1.3
185,19896,Connor Wong,BOS,C,53,209,0,1.2
187,13770,Rob Refsnyder,BOS,RF,97,376,0,1.2
188,2967,Tommy Pham,BOS,LF,131,578,0,1
189,3516,Eric Hosmer,BOS,1B,130,544,0,0.6
190,24617,Jarren Duran,BOS,CF,76,326,0,0.5
191,14773,Yu Chang,BOS,2B,29,117,0,0.3
192,sa881850,Ronaldo Hernández,BOS,C,9,37,0,0.2
193,19966,Bobby Dalbec,BOS,1B,62,245,0,0.2
194,sa3014434,David Hamilton,BOS,SS,23,92,0,0.2
195,sa3011469,Stephen Scott,BOS,C,5,18,0,0.1
196,14567,Franchy Cordero,BOS,1B,10,39,0,0.1
197,22202,Jeter Downs,BOS,2B,21,84,0,0.1
200,15988,Deivy Grullón,BOS,C,0,1,0,0
201,sa3006780,Kole Cottam,BOS,C,0,1,0,0
202,19842,Caleb Hamilton,BOS,C,0,1,0,0
203,sa3017398,Nathan Hickey,BOS,C,0,1,0,0
204,sa3007822,Elih Marrero,BOS,C,0,1,0,0
205,sa3009328,Yorberto Mejicano,BOS,C,0,1,0,0
206,sa3015337,Jose Garcia,BOS,C,0,1,0,0
207,sa3010177,Alex Erro,BOS,C,0,1,0,0
208,sa3009660,Miguel Rojas,BOS,C,0,1,0,0
209,sa3018424,Johanfran Garcia,BOS,C,0,1,0,0
210,sa3016313,Rivaldo Avila,BOS,C,0,1,0,0
211,19842,Caleb Hamilton,BOS,1B,0,1,0,0
212,11982,Travis Shaw,BOS,1B,0,1,0,0
213,sa3011227,Christian Koss,BOS,SS,0,1,0,0
214,sa3006218,Ryan Fitzgerald,BOS,SS,0,1,0,0
215,sa1169598,Matthew Lugo,BOS,SS,0,1,0,0
216,sa3017114,Marcelo Mayer,BOS,SS,0,1,0,0
217,13593,José Peraza,BOS,SS,0,1,0,0
218,sa3009538,Eddinson Paulino,BOS,SS,0,1,0,0
219,sa3008836,Brainer Bonaci,BOS,SS,0,1,0,0
220,sa3016819,Max Ferguson,BOS,SS,0,1,0,0
221,sa3015643,Johnfrank Salazar,BOS,SS,0,1,0,0
222,sa3018558,Marvin Alcantara,BOS,SS,0,1,0,0
223,sa3016171,Luis Ravelo,BOS,SS,0,1,0,0
224,sa3019212,Yohander Linarez,BOS,SS,0,1,0,0
225,sa917089,Ricardo Cubillan,BOS,SS,0,1,0,0
226,sa3018414,Freili Encarnacion,BOS,SS,0,1,0,0
227,sa3018436,Fraymi De Leon,BOS,SS,0,1,0,0
228,sa3016633,Jose Mendez,BOS,SS,0,1,0,0
229,11982,Travis Shaw,BOS,DH,0,1,0,0
230,21479,Nico Hoerner,CHC,SS,139,616,0,3.6
231,30116,Seiya Suzuki,CHC,RF,139,624,0,3.5
232,17919,Ian Happ,CHC,LF,149,651,0,2.8
234,21897,Christopher Morel,CHC,CF,107,447,0,2
235,20521,Nick Madrigal,CHC,2B,117,452,0,1.8
236,9627,Yan Gomes,CHC,C,84,339,0,1.5
237,13602,Patrick Wisdom,CHC,3B,94,394,0,0.9
239,19392,Zach McKinstry,CHC,3B,62,256,0,0.8
241,10323,Rafael Ortega,CHC,CF,68,294,0,0.6
242,4940,Jason Heyward,CHC,RF,65,260,0,0.6
243,18433,P.J. Higgins,CHC,C,69,278,0,0.5
245,sa917354,Miguel Amaya,CHC,C,18,73,0,0.4
246,14566,Franmil Reyes,CHC,DH,65,275,0,0.3
247,21560,Alfonso Rivas,CHC,1B,84,331,0,0.2
248,23359,Nelson Velázquez,CHC,CF,83,336,0,0.2
251,19780,Esteban Quiroz,CHC,2B,5,21,0,0.1
252,14593,David Bote,CHC,3B,11,46,0,0.1
253,sa3010403,Bryce Windham,CHC,C,0,1,0,0
254,12547,John Hicks,CHC,C,0,1,0,0
255,21139,Tyler Payne,CHC,C,0,1,0,0
256,sa829699,Tim Susnara,CHC,C,0,1,0,0
257,sa738936,Harrison Wenson,CHC,C,0,1,0,0
258,12990,Erick Castillo,CHC,C,0,1,0,0
259,sa3006220,Pablo Aliendo,CHC,C,0,1,0,0
260,sa3015713,Moises Ballesteros,CHC,C,0,1,0,0
261,sa3017509,Casey Opitz,CHC,C,0,1,0,0
262,sa3011502,Ethan Hearn,CHC,C,0,1,0,0
263,sa3011306,Jake Washer,CHC,C,0,1,0,0
264,sa3007827,Malcom Quintero,CHC,C,0,1,0,0
265,sa3016185,Carlos Ramos,CHC,C,0,1,0,0
266,sa3018431,Adan Sanchez,CHC,C,0,1,0,0
267,sa3008279,Caleb Knight,CHC,C,0,1,0,0
268,sa3018606,Jairo Diaz,CHC,C,0,1,0,0
269,sa3018946,Yidel Diaz,CHC,C,0,1,0,0
270,sa3005767,Miguel Fabrizio,CHC,C,0,1,0,0
271,sa3016871,Jose Herrera,CHC,C,0,1,0,0
272,20404,Jared Young,CHC,1B,0,1,0,0
273,sa3008282,Andy Weber,CHC,SS,0,1,0,0
274,sa3005131,Luis Vazquez,CHC,SS,0,1,0,0
275,1159,Andrew Romine,CHC,SS,0,1,0,0
276,sa3014679,Kevin Made,CHC,SS,0,1,0,0
277,sa3003379,Josue Huma,CHC,SS,0,1,0,0
278,sa3006888,Luis Verdugo,CHC,SS,0,1,0,0
279,sa3005500,Fabian Pertuz,CHC,SS,0,1,0,0
280,sa875884,Delvin Zinn,CHC,SS,0,1,0,0
281,sa3005730,Yeison Santana,CHC,SS,0,1,0,0
282,sa3014540,Ed Howard,CHC,SS,0,1,0,0
283,sa3018629,Jose Escobar,CHC,SS,0,1,0,0
284,sa3015734,Andrws Cruz,CHC,SS,0,1,0,0
285,sa3014826,Scott McKeon,CHC,SS,0,1,0,0
286,sa3014702,Reginald Preciado,CHC,SS,0,1,0,0
287,sa3018413,Alexis Hernandez,CHC,SS,0,1,0,0
288,sa3009345,Esmarly Tatis,CHC,SS,0,1,0,0
289,sa3017289,Liam Spence,CHC,SS,0,1,0,0
290,sa3008930,Lizardo Ruiz,CHC,SS,0,1,0,0
291,17473,Narciso Crook,CHC,CF,0,1,0,0
292,17473,Narciso Crook,CHC,RF,0,1,0,0
293,20404,Jared Young,CHC,DH,0,1,0,0
294,20043,Luis Robert Jr.,CHW,CF,139,614,0,4.1
296,17484,Eloy Jiménez,CHW,DH,146,627,0,3.3
297,15172,Tim Anderson,CHW,SS,139,646,0,3.2
298,17232,Yoán Moncada,CHW,3B,139,620,0,2.6
299,11368,Yasmani Grandal,CHW,C,86,350,0,2.4
300,26197,Andrew Vaughn,CHW,1B,141,594,0,2.1
302,8202,Josh Harrison,CHW,2B,97,397,0,1
303,19901,Gavin Sheets,CHW,RF,100,412,0,1
304,22896,Lenyn Sosa,CHW,2B,55,219,0,0.9
306,18887,Seby Zavala,CHW,C,52,200,0,0.7
307,21562,Romy Gonzalez,CHW,2B,71,270,0,0.7
308,18889,Danny Mendick,CHW,SS,68,271,0,0.7
309,22275,Jake Burger,CHW,3B,71,290,0,0.6
310,20805,Carlos Pérez,CHW,C,26,102,0,0.5
311,5913,Leury Garcia,CHW,2B,86,345,0,0.3
312,sa3011471,Yolbert Sanchez,CHW,SS,36,145,0,0.3
314,15082,Adam Engel,CHW,RF,53,218,0,0.2
315,16042,Mark Payton,CHW,LF,10,39,0,0.1
317,sa829713,Evan Skoug,CHW,C,0,1,0,0
318,sa3010014,Ivan Gonzalez,CHW,C,0,1,0,0
319,sa3017041,Adam Hackenberg,CHW,C,0,1,0,0
320,16291,Nick Ciuffo,CHW,C,0,1,0,0
321,sa737922,Xavier Fernández,CHW,C,0,1,0,0
322,sa3010017,Tyler Osik,CHW,C,0,1,0,0
323,sa3010597,Victor Torres,CHW,C,0,1,0,0
324,sa3007068,Keegan Fish,CHW,C,0,1,0,0
325,sa3018643,Ronny Hernandez,CHW,C,0,1,0,0
326,sa3017797,Colby Smelley,CHW,C,0,1,0,0
327,sa3005788,Jose Rodriguez,CHW,SS,0,1,0,0
328,sa3017170,Colson Montgomery,CHW,SS,0,1,0,0
329,sa659077,Zach Remillard,CHW,SS,0,1,0,0
330,sa917135,Moises Castillo,CHW,SS,0,1,0,0
331,sa3004128,Laz Rivera,CHW,SS,0,1,0,0
332,sa918259,Mitch Roman,CHW,SS,0,1,0,0
333,sa3019577,Andy Atwood,CHW,SS,0,1,0,0
334,sa3006676,Samil Polanco,CHW,SS,0,1,0,0
335,sa3018152,Jason Matthews,CHW,SS,0,1,0,0
336,sa3008941,Wilber Sanchez,CHW,SS,0,1,0,0
337,sa3018619,Ryan Burrowes,CHW,SS,0,1,0,0
338,sa3018602,Guillermo Rodriguez,CHW,SS,0,1,0,0
339,sa3015693,Arxy Hernandez,CHW,SS,0,1,0,0
340,sa3015652,Layant Tapia,CHW,SS,0,1,0,0
341,19878,Adam Haseley,CHW,LF,0,1,0,0
342,19878,Adam Haseley,CHW,RF,0,1,0,0
343,21523,Jonathan India,CIN,2B,141,637,0,2.6
344,17988,Tyler Stephenson,CIN,C,117,500,0,2.3
345,14813,Kyle Farmer,CIN,SS,104,432,0,1.4
346,19522,TJ Friedl,CIN,LF,113,517,0,1.4
349,26323,Spencer Steer,CIN,3B,104,431,0,1.2
350,19293,Nick Senzel,CIN,CF,123,490,0,0.9
351,sa3009289,Elly De La Cruz,CIN,SS,50,204,0,0.8
352,19260,Jake Fraley,CIN,LF,113,475,0,0.8
353,20321,Stuart Fairchild,CIN,LF,68,260,0,0.5
355,4314,Joey Votto,CIN,1B,123,539,0,0.3
356,22557,Michael Siani,CIN,CF,40,161,0,0.3
357,21127,Alejo Lopez,CIN,2B,26,105,0,0.2
358,13788,Matt Reynolds,CIN,2B,53,215,0,0.2
360,19824,Chuckie Robinson,CIN,C,5,18,0,0
361,sa3005587,Daniel Vellojin,CIN,C,0,1,0,0
362,sa3011156,James Free,CIN,C,0,1,0,0
363,sa1169769,Eric Yang,CIN,C,0,1,0,0
364,sa3006662,Jay Schuyler,CIN,C,0,1,0,0
365,sa3017328,Matheu Nelson,CIN,C,0,1,0,0
366,sa3017108,Hayden Jones,CIN,C,0,1,0,0
367,sa3003236,Wilfred Astudillo,CIN,C,0,1,0,0
368,sa3017043,Michael Trautwein,CIN,C,0,1,0,0
369,sa3016824,Diego Omana,CIN,C,0,1,0,0
370,sa3016721,Eddy Isturiz,CIN,C,0,1,0,0
371,23378,Jose Barrero,CIN,SS,19,76,0,0
372,sa3017154,Matt McLain,CIN,SS,0,1,0,0
373,sa3008745,Noelvi Marte,CIN,SS,0,1,0,0
374,sa872542,Leonardo Rivas,CIN,SS,0,1,0,0
375,sa1169627,Ivan Johnson,CIN,SS,0,1,0,0
376,4962,Asdrúbal Cabrera,CIN,SS,0,1,0,0
377,sa917055,Miguel Hernandez,CIN,SS,0,1,0,0
378,sa3017626,Edwin Arroyo,CIN,SS,0,1,0,0
379,sa917309,Steven Leyton,CIN,SS,0,1,0,0
380,sa3017396,Jose Torres,CIN,SS,0,1,0,0
381,sa823925,Michael De León,CIN,SS,0,1,0,0
382,sa3015705,Victor Acosta,CIN,SS,0,1,0,0
383,sa3014889,Gus Steiger,CIN,SS,0,1,0,0
384,sa3015526,Johnny Ascanio,CIN,SS,0,1,0,0
385,sa3008815,Ilvin Fernandez,CIN,SS,0,1,0,0
386,sa3003192,Ranser Amador,CIN,SS,0,1,0,0
387,sa3015177,Braylin Minier,CIN,SS,0,1,0,0
388,sa3018405,Ricardo Cabrera,CIN,SS,0,1,0,0
389,15482,Aristides Aquino,CIN,RF,0,1,0,0
390,13367,Stephen Piscotty,CIN,RF,13,53,0,0
391,19710,Ronnie Dawson,CIN,DH,0,1,0,0
394,4892,Mike Moustakas,CIN,DH,113,457,0,-0.3
395,13510,José Ramírez,CLE,3B,150,663,0,5.3
396,19950,Andrés Giménez,CLE,2B,144,596,0,4
398,24610,Steven Kwan,CLE,LF,141,647,0,3.6
399,15518,Amed Rosario,CLE,SS,143,640,0,3.4
400,17620,Myles Straw,CLE,CF,134,532,0,2.2
401,20970,Oscar Gonzalez,CLE,RF,130,523,0,2.1
402,18839,Josh Naylor,CLE,1B,130,536,0,2
403,21865,Bo Naylor,CLE,C,73,282,0,1.6
404,25660,Will Brennan,CLE,LF,50,204,0,0.7
406,20529,Nolan Jones,CLE,RF,58,235,0,0.7
407,24765,Bryan Lavastida,CLE,C,39,155,0,0.6
408,13355,Luke Maile,CLE,C,45,176,0,0.6
409,sa3006787,David Fry,CLE,C,21,86,0,0.4
411,22532,Tyler Freeman,CLE,SS,23,92,0,0.4
413,21853,Will Benson,CLE,RF,24,97,0,0.4
414,24655,Owen Miller,CLE,1B,37,154,0,0.2
415,22563,Gabriel Arias,CLE,3B,19,80,0,0.2
416,24589,Richie Palacios,CLE,LF,10,38,0,0.1
418,sa857219,Gavin Collins,CLE,C,0,1,0,0
419,sa185525,Eric Rodriguez,CLE,C,0,1,0,0
420,sa3004167,Angel Lopez,CLE,C,0,1,0,0
421,sa3004883,Micael Ramirez,CLE,C,0,1,0,0
422,sa3010148,Michael Amditis,CLE,C,0,1,0,0
423,sa3005523,Andres Melendez,CLE,C,0,1,0,0
424,sa3015088,Joe Donovan,CLE,C,0,1,0,0
425,sa3005555,Victor Planchart,CLE,C,0,1,0,0
426,sa3005928,Richard Paz,CLE,C,0,1,0,0
427,sa3015646,Emilio Taveras,CLE,C,0,1,0,0
428,sa3018428,Victor Izturis,CLE,C,0,1,0,0
429,sa3015645,Nelson Aranguren,CLE,C,0,1,0,0
430,sa3016336,David Leon,CLE,C,0,1,0,0
431,sa3005898,Brayan Rocchio,CLE,SS,0,1,0,0
432,sa3008762,Angel Martinez,CLE,SS,0,1,0,0
433,sa3005482,Jose Tena,CLE,SS,0,1,0,0
434,sa3006936,Daniel Schneemann,CLE,SS,0,1,0,0
435,sa3014544,Milan Tolentino,CLE,SS,0,1,0,0
436,sa3008744,Gabriel Rodriguez,CLE,SS,0,1,0,0
437,sa3010028,Christian Cairo,CLE,SS,0,1,0,0
438,sa3003311,Marcos Gonzalez,CLE,SS,0,1,0,0
439,sa3010037,Yordys Valdes,CLE,SS,0,1,0,0
440,sa3008768,Dayan Frias,CLE,SS,0,1,0,0
441,sa3015706,Angel Genao,CLE,SS,0,1,0,0
442,sa3018476,Rafael Ramirez,CLE,SS,0,1,0,0
443,sa3018454,Pedro Hernandez,CLE,SS,0,1,0,0
444,sa3018942,Jeffrey Mercedes,CLE,SS,0,1,0,0
445,sa3019483,Nomar Velasquez,CLE,SS,0,1,0,0
446,sa3016160,Jesus Montilla,CLE,SS,0,1,0,0
447,sa3018458,Alberto Mendez,CLE,SS,0,1,0,0
448,sa3014470,Carson Tucker,CLE,SS,0,1,0,0
449,sa3018579,Yanki Jean-Baptiste,CLE,SS,0,1,0,0
450,sa3018461,Brayan Guedez,CLE,SS,0,1,0,0
451,16375,Oscar Mercado,CLE,RF,0,1,0,0
452,17907,Brendan Rodgers,COL,2B,138,576,0,2.7
453,24064,Ezequiel Tovar,COL,SS,117,439,0,2.5
454,15112,Ryan McMahon,COL,3B,138,595,0,2.4
455,15429,Kris Bryant,COL,LF,126,568,0,1.7
457,19422,Brian Serven,COL,C,53,204,0,1.2
458,12546,C.J. Cron,COL,1B,139,599,0,1
459,15794,Yonathan Daza,COL,CF,104,464,0,0.9
460,21270,Sean Bouchard,COL,LF,47,188,0,0.7
462,10243,Randal Grichuk,COL,RF,107,434,0,0.7
464,20056,Alan Trejo,COL,SS,57,222,0,0.6
466,20543,Elehuris Montero,COL,3B,39,157,0,0.5
467,11680,Elias Díaz,COL,C,89,348,0,0.4
469,25845,Michael Toglia,COL,RF,45,184,0,0.3
470,16572,Connor Joe,COL,LF,16,71,0,0.2
471,sa3007828,Willie MacIver,COL,C,9,37,0,0.1
472,sa3006715,Coco Montes,COL,SS,10,39,0,0.1
473,sa3010157,Daniel Cope,COL,C,0,1,0,0
474,sa3017173,Hunter Goodman,COL,C,0,1,0,0
475,sa875808,Jonathan Morales,COL,C,0,1,0,0
476,sa3005624,Ronaiker Palma,COL,C,0,1,0,0
477,sa3014522,Drew Romo,COL,C,0,1,0,0
478,sa3015846,Bryant Betancourt,COL,C,0,1,0,0
479,sa3017164,Braxton Fulford,COL,C,0,1,0,0
480,sa3004882,Bryant Quijada,COL,C,0,1,0,0
481,sa3009291,Robert Mendoza,COL,C,0,1,0,0
482,sa3005935,Gabriel Gil,COL,C,0,1,0,0
483,sa3015541,Juan Castillo,COL,C,0,1,0,0
484,sa3015651,Oswal Rada,COL,C,0,1,0,0
485,sa3018936,Franklin Lopez,COL,C,0,1,0,0
486,sa3005598,Julio Carreras,COL,SS,0,1,0,0
487,sa3014682,Adael Amador,COL,SS,0,1,0,0
488,sa3005233,LJ Hatch,COL,SS,0,1,0,0
489,19262,Garrett Hampson,COL,SS,0,1,0,0
490,sa3014825,Jack Blomgren,COL,SS,0,1,0,0
491,sa3004979,Eddy Diaz,COL,SS,0,1,0,0
492,sa738930,Taylor Snyder,COL,SS,0,1,0,0
493,sa3007050,Mateo Gil,COL,SS,0,1,0,0
494,sa3018387,Dyan Jorge,COL,SS,0,1,0,0
495,sa3008824,Aiverson Rodriguez,COL,SS,0,1,0,0
496,sa3018472,Kelvin HIdalgo,COL,SS,0,1,0,0
497,sa3015857,Andy Perez,COL,SS,0,1,0,0
498,sa917065,Cristopher Navarro,COL,SS,0,1,0,0
499,sa3015650,Luis Mendez,COL,SS,0,1,0,0
500,sa3008800,Pedro Mota,COL,SS,0,1,0,0
501,13408,Wynton Bernard,COL,CF,0,1,0,0
502,19262,Garrett Hampson,COL,CF,0,1,0,0
504,7859,Charlie Blackmon,COL,DH,128,550,0,0
505,25976,Riley Greene,DET,CF,143,636,0,3.3
506,12979,Javier Báez,DET,SS,141,627,0,2.2
509,15672,Austin Meadows,DET,RF,123,560,0,1.9
512,25961,Kerry Carpenter,DET,DH,107,448,0,1.6
513,27465,Spencer Torkelson,DET,1B,126,496,0,1.4
514,11265,Jonathan Schoop,DET,2B,131,562,0,1.4
515,25867,Ryan Kreidler,DET,3B,110,416,0,1.4
517,22168,Akil Baddoo,DET,LF,113,458,0,1.4
518,13621,Jeimer Candelario,DET,3B,125,524,0,1.3
519,19452,Jake Rogers,DET,C,60,234,0,1
520,14111,Eric Haase,DET,C,76,311,0,0.8
522,19562,Zack Short,DET,SS,40,162,0,0.4
524,17338,Willi Castro,DET,RF,52,214,0,0.4
525,sa3014528,Dillon Dingler,DET,C,21,86,0,0.3
526,15487,Victor Reyes,DET,RF,60,250,0,0.3
527,14691,Harold Castro,DET,1B,65,270,0,0.2
528,20572,Kody Clemens,DET,3B,28,113,0,0.2
529,sa3003326,Wenceel Perez,DET,SS,6,26,0,0.1
530,21386,Michael Papierski,DET,C,3,12,0,0
531,sa736830,Michael De La Cruz,DET,C,0,1,0,0
532,sa3017370,Josh Crouch,DET,C,0,1,0,0
533,sa3003262,Eliezer Alfonzo,DET,C,0,1,0,0
534,sa3007635,Jon Rosoff,DET,C,0,1,0,0
535,sa829062,Chris Rabago,DET,C,0,1,0,0
536,sa3016786,Mike Rothenberg,DET,C,0,1,0,0
537,sa3006622,Eduardo Valencia,DET,C,0,1,0,0
538,sa3007059,Daneurys De La Cruz,DET,C,0,1,0,0
539,sa3006202,Manuel Garcia,DET,C,0,1,0,0
540,sa3015653,Newremberg Rondon,DET,C,0,1,0,0
541,sa3019200,Ricardo Hurtado,DET,C,0,1,0,0
542,sa3018584,Josue Briceno,DET,C,0,1,0,0
543,sa3016088,Samuel Rojas,DET,C,0,1,0,0
544,18371,Jermaine Palacios,DET,2B,2,6,0,0
545,17737,Josh Lester,DET,3B,0,1,0,0
546,18587,Brendon Davis,DET,3B,0,1,0,0
548,sa3010596,Corey Joyce,DET,SS,0,1,0,0
549,sa3010703,Andrew Navigato,DET,SS,0,1,0,0
550,sa3014441,Gage Workman,DET,SS,0,1,0,0
551,sa3015697,Cristian Santana,DET,SS,0,1,0,0
552,sa3019967,Danny Serretti,DET,SS,0,1,0,0
553,sa3014420,Trei Cruz,DET,SS,0,1,0,0
554,sa3015179,Manuel Sequera,DET,SS,0,1,0,0
555,sa3016969,Izaac Pacheco,DET,SS,0,1,0,0
556,sa3007295,Luis García,DET,SS,0,1,0,0
557,sa3008750,Adinso Reyes,DET,SS,0,1,0,0
558,sa3019990,Peyton Graham,DET,SS,0,1,0,0
559,sa917184,Jose King,DET,SS,0,1,0,0
560,sa3005715,Alvaro Gonzalez,DET,SS,0,1,0,0
561,sa3005745,Carlos Irigoyen,DET,SS,0,1,0,0
562,sa3018963,Samuel Gil,DET,SS,0,1,0,0
563,sa3015709,Abel Bastidas,DET,SS,0,1,0,0
564,sa3018580,Franyerber Montilla,DET,SS,0,1,0,0
565,sa3018410,Javier Osorio,DET,SS,0,1,0,0
566,18587,Brendon Davis,DET,RF,0,1,0,0
567,17737,Josh Lester,DET,DH,0,1,0,0
568,1744,Miguel Cabrera,DET,DH,87,378,0,-0.4
570,19556,Yordan Alvarez,HOU,LF,138,603,0,5.3
571,17678,Alex Bregman,HOU,3B,150,669,0,5.2
572,18345,Kyle Tucker,HOU,RF,150,628,0,5.1
573,5417,Jose Altuve,HOU,2B,149,690,0,4.6
574,21636,Jeremy Peña,HOU,SS,139,576,0,2.4
576,19599,Chas McCormick,HOU,CF,115,462,0,1.3
577,6887,Martín Maldonado,HOU,C,101,381,0,1.2
579,15149,Trey Mancini,NA,1B,138,600,0,1.2
580,16530,Mauricio Dubón,HOU,CF,92,378,0,1.1
581,20308,Jake Meyers,HOU,CF,76,297,0,1
582,23003,Yainer Diaz,HOU,C,23,94,0,0.4
583,25111,David Hensley,HOU,2B,45,185,0,0.4
586,25543,Korey Lee,HOU,C,38,147,0,0.3
588,20165,J.J. Matijevic,HOU,DH,36,144,0,0.2
589,sa3014838,Pedro Leon,HOU,SS,16,66,0,0.1
590,sa3008107,Cesar Salazar,HOU,C,0,1,0,0
591,sa3011587,Luke Berryhill,HOU,C,0,1,0,0
592,sa829837,Scott Manea,HOU,C,0,1,0,0
593,sa3014823,J.C. Correa,HOU,C,0,1,0,0
594,sa3003377,Jose Alvarez,HOU,C,0,1,0,0
595,sa3009279,Miguel Palma,HOU,C,0,1,0,0
596,sa3010328,C.J. Stubbs,HOU,C,0,1,0,0
597,sa3003325,Nerio Rodriguez,HOU,C,0,1,0,0
598,sa3008801,Victor Diaz,HOU,C,0,1,0,0
599,sa3005904,Ricardo Toro,HOU,C,0,1,0,0
600,sa3009297,Freddy Guilamo,HOU,C,0,1,0,0
601,sa3018610,Daniel Castro,HOU,C,0,1,0,0
602,sa3015778,Carlos Arcila,HOU,C,0,1,0,0
603,22254,Joe Perez,HOU,3B,0,1,0,0
604,sa3010327,Grae Kessinger,HOU,SS,0,1,0,0
605,sa3014948,Shay Whitcomb,HOU,SS,0,1,0,0
606,sa738152,Edwin Díaz,HOU,SS,0,1,0,0
607,sa3017040,Chad Stevens,HOU,SS,0,1,0,0
608,sa3003195,Freudis Nova,HOU,SS,0,1,0,0
609,sa3008771,Cristian Gonzalez,HOU,SS,0,1,0,0
610,sa3003330,Deury Carrasco,HOU,SS,0,1,0,0
611,sa3008775,Yohander Martinez,HOU,SS,0,1,0,0
612,sa3015874,Leosdany Molina,HOU,SS,0,1,0,0
613,sa3018977,Alejandro Nunez,HOU,SS,0,1,0,0
614,sa3018582,Alberto Hernandez,HOU,SS,0,1,0,0
615,sa3018604,Wilton Lara,HOU,SS,0,1,0,0
616,sa3018491,Rafael Ramirez,HOU,SS,0,1,0,0
617,sa3011265,Bryan Arias,HOU,DH,0,1,0,0
619,25764,Bobby Witt Jr.,KCR,3B,149,669,0,4.2
620,27676,Vinnie Pasquantino,KCR,1B,130,558,0,3.1
622,22197,MJ Melendez,KCR,C,123,560,0,1.9
624,7304,Salvador Perez,KCR,DH,134,590,0,1.8
625,11489,Michael A. Taylor,KCR,CF,123,484,0,1.5
626,13769,Adalberto Mondesi,KCR,SS,123,515,0,1.3
627,27684,Michael Massey,KCR,2B,75,306,0,1.2
628,19339,Nicky Lopez,KCR,2B,91,350,0,0.9
630,19698,Edward Olivares,KCR,LF,68,279,0,0.8
633,20505,Drew Waters,KCR,RF,81,322,0,0.8
634,22117,Nick Pratto,KCR,1B,70,285,0,0.7
637,21614,Kyle Isbel,KCR,RF,75,299,0,0.6
639,25055,Nate Eaton,KCR,RF,53,213,0,0.4
640,21840,Freddy Fermin,KCR,C,12,48,0,0.2
644,19627,Brent Rooker,KCR,DH,21,88,0,0.2
645,16442,Ryan O'Hearn,KCR,DH,42,173,0,0.2
646,15117,Hunter Dozier,KCR,1B,62,254,0,0.1
648,sa3007750,Logan Porter,KCR,C,0,1,0,0
649,17837,Jakson Reetz,KCR,C,0,1,0,0
650,sa3017394,Luca Tresh,KCR,C,0,1,0,0
651,sa913367,Gavin Stupienski,KCR,C,0,1,0,0
652,13151,José Briceño,KCR,C,0,1,0,0
653,21735,Sebastian Rivero,KCR,C,0,1,0,0
654,sa3007510,Tyler Cropley,KCR,C,0,1,0,0
655,sa3014934,Kale Emshoff,KCR,C,0,1,0,0
656,sa3010155,Omar Hernandez,KCR,C,0,1,0,0
657,sa3005916,Guillermo Quintana,KCR,C,0,1,0,0
658,sa3018621,Jose Medina,KCR,C,0,1,0,0
659,sa3017339,Carter Jensen,KCR,C,0,1,0,0
660,sa3016182,Steven Cespedes,KCR,C,0,1,0,0
661,sa3015554,Aldrin Lucas,KCR,C,0,1,0,0
662,22715,Maikel Garcia,KCR,SS,3,13,0,0
663,sa1169803,Clay Dungan,KCR,SS,3,13,0,0
664,sa3014511,Nick Loftin,KCR,SS,0,1,0,0
665,sa914314,Jeison Guzmán,KCR,SS,0,1,0,0
666,sa657521,Angelo Castellano,KCR,SS,0,1,0,0
667,sa3004978,Robbie Glendinning,KCR,SS,0,1,0,0
668,sa3010337,Tyler Tolbert,KCR,SS,0,1,0,0
669,sa3005568,Enrique Valdez,KCR,SS,0,1,0,0
670,sa3016091,Yeudi Advincola,KCR,SS,0,1,0,0
671,sa3008758,Omar Florentino,KCR,SS,0,1,0,0
672,sa3008834,Wilmin Candelario,KCR,SS,0,1,0,0
673,sa3016143,Daniel Vazquez,KCR,SS,0,1,0,0
674,sa3018594,Josi Novas,KCR,SS,0,1,0,0
675,sa3018588,Ivan Sosa,KCR,SS,0,1,0,0
676,sa3019097,Alexander Orasma,KCR,SS,0,1,0,0
677,sa3019497,Charles Nova,KCR,SS,0,1,0,0
678,sa3010331,Brady McConnell,KCR,SS,0,1,0,0
679,sa3015844,Yosmi Fernandez,KCR,SS,0,1,0,0
680,20450,Brewer Hicklen,KCR,LF,0,1,0,0
681,19779,Dairon Blanco,KCR,CF,0,1,0,0
682,20450,Brewer Hicklen,KCR,RF,0,1,0,0
683,19779,Dairon Blanco,KCR,DH,0,1,0,0
684,10155,Mike Trout,LAA,CF,150,677,0,5.6
685,12861,Anthony Rendon,LAA,3B,138,583,0,3.4
686,19755,Shohei Ohtani,LAA,DH,147,657,0,3.2
687,17548,Taylor Ward,LAA,RF,141,611,0,2.8
688,24729,Logan O'Hoppe,LAA,C,71,267,0,2
689,19858,Luis Rengifo,LAA,2B,105,472,0,1.9
690,17992,David Fletcher,LAA,2B,120,516,0,1.3
692,18607,Jared Walsh,LAA,1B,122,498,0,1.1
693,10059,Max Stassi,LAA,C,69,281,0,1
694,19956,Mickey Moniak,LAA,LF,47,187,0,0.3
696,19318,Matt Thaiss,LAA,C,19,76,0,0.2
698,22471,Livan Soto,LAA,SS,21,83,0,0.2
699,25353,Michael Stefanic,LAA,2B,5,20,0,0.1
700,14196,Andrew Velazquez,LAA,SS,18,69,0,0.1
701,20220,Jo Adell,LAA,LF,16,66,0,0.1
702,sa3016853,Zach Humphreys,LAA,C,0,1,0,0
703,sa3015239,Edgar Quero,LAA,C,0,1,0,0
704,sa915614,Colby Fitch,LAA,C,0,1,0,0
705,sa3017322,Straton Podaras,LAA,C,0,1,0,0
706,sa1170373,Anthony Mulrine,LAA,C,0,1,0,0
707,sa3016962,Christian Molfetta,LAA,C,0,1,0,0
708,sa3016862,Myles Emmerson,LAA,C,0,1,0,0
709,sa917054,Carlos Reina,LAA,C,0,1,0,0
710,sa3018470,Dario Laverde,LAA,C,0,1,0,0
711,sa3017213,Kyle Lovelace,LAA,C,0,1,0,0
712,sa3018475,Jonathan Linares,LAA,C,0,1,0,0
713,sa3003242,Gustavo Campero,LAA,C,0,1,0,0
714,15402,Jack Mayfield,LAA,2B,0,1,0,0
715,15402,Jack Mayfield,LAA,3B,0,1,0,0
716,sa3019855,Zach Neto,LAA,SS,0,1,0,0
717,sa3011768,Kyren Paris,LAA,SS,0,1,0,0
718,sa3007740,Jeremiah Jackson,LAA,SS,0,1,0,0
719,sa3007003,Jake Palomaki,LAA,SS,0,1,0,0
720,sa828331,Jose Gomez,LAA,SS,0,1,0,0
721,sa3014688,Adrian Placencia,LAA,SS,0,1,0,0
722,sa917348,Osmy Gregorio,LAA,SS,0,1,0,0
723,sa3014687,Arol Vera,LAA,SS,0,1,0,0
724,sa3018473,Capri Ortiz,LAA,SS,0,1,0,0
725,sa3015870,Edgar Alfonso,LAA,SS,0,1,0,0
726,19938,Aaron Whitefield,LAA,CF,0,1,0,0
727,19967,Ryan Aguilar,LAA,RF,0,1,0,0
728,19938,Aaron Whitefield,LAA,RF,0,1,0,0
729,13611,Mookie Betts,LAD,RF,150,693,0,5.9
730,5361,Freddie Freeman,LAD,1B,150,675,0,4.7
731,19197,Will Smith,LAD,C,126,547,0,4.1
732,19955,Gavin Lux,LAD,2B,130,522,0,2.8
733,13301,Max Muncy,LAD,3B,136,585,0,2.5
735,20178,Miguel Vargas,LAD,LF,126,491,0,2.3
736,9952,Trayce Thompson,LAD,LF,115,478,0,1.9
738,15998,Cody Bellinger,NA,CF,120,499,0,1.8
740,5235,Justin Turner,LAD,DH,130,550,0,1.7
742,13757,Chris Taylor,LAD,LF,141,568,0,1.6
743,12158,Austin Barnes,LAD,C,61,236,0,1.5
744,24770,James Outman,LAD,LF,100,378,0,1.5
745,sa3005081,Jacob Amaya,LAD,SS,42,171,0,0.6
746,sa3007872,Hunter Feduccia,LAD,C,5,18,0,0.1
747,18316,Edwin Ríos,LAD,DH,60,243,0,0.1
748,sa3008742,Diego Cartaya,LAD,C,0,1,0,0
749,sa3014468,Carson Taylor,LAD,C,0,1,0,0
750,sa918104,Ryan January,LAD,C,0,1,0,0
751,sa3015182,Yeiner Fernandez,LAD,C,0,1,0,0
752,sa3019892,Dalton Rushing,LAD,C,0,1,0,0
753,sa3007282,Kekai Rios,LAD,C,0,1,0,0
754,11470,Tony Wolters,LAD,C,0,1,0,0
755,sa3002863,Wladimir Chalo,LAD,C,0,1,0,0
756,sa3016161,Carlos Avila,LAD,C,0,1,0,0
757,sa3015606,Jorge Puerta,LAD,C,0,1,0,0
758,sa3018520,Victor Rodrigues,LAD,C,0,1,0,0
759,sa3018957,Miguel Dominguez,LAD,C,0,1,0,0
760,sa3019214,Angel Diaz,LAD,C,0,1,0,0
761,sa3019303,Griffin Lockwood-Powell,LAD,C,0,1,0,0
762,sa597218,Hamlet Marte,LAD,C,0,1,0,0
763,sa3016918,Jefferson Valladares,LAD,C,0,1,0,0
764,11470,Tony Wolters,LAD,2B,0,1,0,0
765,19931,Luke Williams,LAD,3B,0,1,0,0
766,sa3005554,Eddys Leonard,LAD,SS,0,1,0,0
767,sa917320,Leonel Valera,LAD,SS,0,1,0,0
768,sa3017121,Austin Gauthier,LAD,SS,0,1,0,0
769,15809,Erisbel Arruebarrena,LAD,SS,0,1,0,0
770,15496,Abiatal Avelino,LAD,SS,0,1,0,0
771,sa914242,Omar Estévez,LAD,SS,0,1,0,0
772,sa3007646,Clayton Daniel,LAD,SS,0,1,0,0
773,sa3018557,Jeral Perez,LAD,SS,0,1,0,0
774,sa3018505,Mairoshendrick Martinus,LAD,SS,0,1,0,0
775,sa3018560,Oswaldo Osorio,LAD,SS,0,1,0,0
776,sa3015851,Derlin Figueroa,LAD,SS,0,1,0,0
777,sa3018536,Eduardo Guerrero,LAD,SS,0,1,0,0
778,sa3015556,Darol Garcia,LAD,SS,0,1,0,0
779,sa1169881,Zac Ching,LAD,SS,0,1,0,0
780,sa3018542,Raynerd Ortega,LAD,SS,0,1,0,0
781,19931,Luke Williams,LAD,LF,0,1,0,0
782,11470,Tony Wolters,LAD,DH,0,1,0,0
783,20454,Jazz Chisholm Jr.,MIA,2B,134,606,0,3.5
784,7802,Miguel Rojas,MIA,SS,123,491,0,2
787,13853,Joey Wendle,MIA,3B,113,479,0,1.6
788,12037,Jon Berti,MIA,3B,109,489,0,1.6
790,21538,Nick Fortes,MIA,C,58,234,0,1.5
791,15279,Garrett Cooper,MIA,1B,130,569,0,1.5
792,18289,Brian Anderson,MIA,3B,120,505,0,1.5
794,19600,Bryan De La Cruz,MIA,CF,117,470,0,1.5
798,13723,Jacob Stallings,MIA,C,89,349,0,1.4
800,14221,Jorge Soler,MIA,DH,133,558,0,1.3
801,5760,Avisaíl García,MIA,RF,138,589,0,1.1
802,23794,Jordan Groshans,MIA,3B,50,198,0,0.8
803,26368,JJ Bleday,MIA,LF,79,330,0,0.8
805,19913,Jesús Sánchez,MIA,CF,63,263,0,0.8
806,19813,Charles Leblanc,MIA,2B,73,301,0,0.5
808,22164,Payton Henry,MIA,C,32,124,0,0.3
809,18365,Lewin Díaz,MIA,1B,49,197,0,0.3
811,25459,Peyton Burdick,MIA,CF,11,44,0,0.1
812,sa3017372,Paul McIntosh,MIA,C,0,1,0,0
813,8879,Ryan Lavarnway,MIA,C,0,1,0,0
814,sa3007973,Will Banfield,MIA,C,0,1,0,0
815,sa3017120,Bennett Hostetler,MIA,C,0,1,0,0
816,sa3005152,Jan Mercado,MIA,C,0,1,0,0
817,sa657706,Santiago Chávez,MIA,C,0,1,0,0
818,sa3017374,Joe Mack,MIA,C,0,1,0,0
819,sa3005053,J.D. Osborne,MIA,C,0,1,0,0
820,sa3011350,Cameron Barstad,MIA,C,0,1,0,0
821,sa3008933,Jose Estrada,MIA,C,0,1,0,0
822,sa3018613,Carlos Sanchez,MIA,C,0,1,0,0
823,sa3018918,Nestor Rios,MIA,C,0,1,0,0
824,sa3009323,Derek Vegas,MIA,C,0,1,0,0
825,13369,Erik González,MIA,3B,0,1,0,0
826,sa738445,Luis Aviles Jr.,MIA,SS,0,1,0,0
827,sa3010695,Nasim Nuñez,MIA,SS,0,1,0,0
828,sa736824,Ray-Patrick Didder,MIA,SS,0,1,0,0
829,sa829857,Bryson Brigman,MIA,SS,0,1,0,0
830,sa3004390,Demetrius Sims,MIA,SS,0,1,0,0
831,20540,José Devers,MIA,SS,0,1,0,0
832,sa3014690,Jose Salas,MIA,SS,0,1,0,0
833,13369,Erik González,MIA,SS,0,1,0,0
834,sa3015515,Yiddi Cappe,MIA,SS,0,1,0,0
835,sa872538,Chris Torres,MIA,SS,0,1,0,0
836,sa915575,Devin Hairston,MIA,SS,0,1,0,0
837,sa3005712,Dalvy Rosario,MIA,SS,0,1,0,0
838,sa3005716,Ynmanol Mariñez,MIA,SS,0,1,0,0
839,sa3017513,Kahlil Watson,MIA,SS,0,1,0,0
840,sa3005565,Carlos Santiago,MIA,SS,0,1,0,0
841,sa3009794,Angeudis Santos,MIA,SS,0,1,0,0
842,sa3015736,Jesus Hernandez,MIA,SS,0,1,0,0
843,sa3008785,Cristhian Rodriguez,MIA,SS,0,1,0,0
844,sa3019638,Yoffry Solano,MIA,SS,0,1,0,0
845,sa3018605,Jose Rivera,MIA,SS,0,1,0,0
846,sa3018583,Lisandro Bonifacio,MIA,SS,0,1,0,0
847,sa3018596,Cherif Neymour,MIA,SS,0,1,0,0
848,21871,Jerar Encarnacion,MIA,LF,0,1,0,0
849,21871,Jerar Encarnacion,MIA,RF,0,1,0,0
850,15986,Willy Adames,MIL,SS,146,653,0,3.9
852,16622,Luis Urías,MIL,3B,139,592,0,3.1
854,11477,Christian Yelich,MIL,LF,146,666,0,3
855,12532,Kolten Wong,MIL,2B,120,506,0,2.4
856,15679,Rowdy Tellez,MIL,1B,126,546,0,2.2
857,15464,Hunter Renfroe,MIL,RF,131,543,0,1.9
858,14968,Victor Caratini,MIL,C,87,339,0,1.8
859,27555,Garrett Mitchell,MIL,CF,109,432,0,1.7
860,sa3008294,Brice Turang,MIL,SS,104,390,0,1.4
861,13675,Tyrone Taylor,MIL,CF,113,460,0,1.2
863,21780,Esteury Ruiz,MIL,CF,73,293,0,1.1
865,20263,Mario Feliciano,MIL,C,26,102,0,0.5
866,19683,Mike Brosseau,MIL,3B,49,201,0,0.4
867,20003,Keston Hiura,MIL,1B,70,286,0,0.2
869,17276,Alex Jackson,MIL,C,6,24,0,0.1
870,16398,Brian Navarreto,MIL,C,0,1,0,0
871,sa3004297,Brent Diaz,MIL,C,0,1,0,0
872,sa872552,Jason Lopez,MIL,C,0,1,0,0
873,sa1115979,Nick Kahle,MIL,C,0,1,0,0
874,sa3011330,Darrien Miller,MIL,C,0,1,0,0
875,sa3015407,Jeferson Quero,MIL,C,0,1,0,0
876,sa3017045,Wes Clarke,MIL,C,0,1,0,0
877,sa917196,Jose Sibrian,MIL,C,0,1,0,0
878,sa3007023,Alex Hall,MIL,C,0,1,0,0
879,sa3016553,Edgardo Ordonez,MIL,C,0,1,0,0
880,sa3017023,Eric Martinez,MIL,C,0,1,0,0
881,sa3017827,Brayan Oropeza,MIL,C,0,1,0,0
882,16357,Pablo Reyes,MIL,3B,0,1,0,0
883,sa830359,Andruw Monasterio,MIL,SS,2,7,0,0
884,16357,Pablo Reyes,MIL,SS,0,1,0,0
885,sa1170010,Cam Devanney,MIL,SS,0,1,0,0
886,sa3014500,Freddy Zamora,MIL,SS,0,1,0,0
887,sa3017051,Ethan Murray,MIL,SS,0,1,0,0
888,sa3008751,Eduardo Garcia,MIL,SS,0,1,0,0
889,sa917075,Yeison Coca,MIL,SS,0,1,0,0
890,sa917079,Antonio Pinero,MIL,SS,0,1,0,0
891,sa3019928,Robert Moore,MIL,SS,0,1,0,0
892,sa3015802,Jadher Areinamo,MIL,SS,0,1,0,0
893,sa3018525,Juan Baez,MIL,SS,0,1,0,0
894,sa3005584,Alberis Ferrer,MIL,SS,0,1,0,0
895,sa3015353,Jheremy Vargas,MIL,SS,0,1,0,0
896,sa3015566,Miguel Briceno,MIL,SS,0,1,0,0
897,sa3018415,Jhonny Severino,MIL,SS,0,1,0,0
898,sa3018534,Gery Holguin,MIL,SS,0,1,0,0
899,sa3018919,Demetrio Nadal,MIL,SS,0,1,0,0
900,sa3018417,Johan Barrios,MIL,SS,0,1,0,0
901,14161,Byron Buxton,MIN,CF,130,586,0,3.8
903,18568,Luis Arraez,MIN,2B,139,636,0,3.3
907,13152,Jorge Polanco,MIN,SS,139,613,0,3.2
909,20538,Jose Miranda,MIN,1B,139,587,0,2.9
910,20437,Royce Lewis,MIN,SS,81,320,0,2.3
911,24618,Ryan Jeffers,MIN,C,90,345,0,2
912,12144,Max Kepler,MIN,RF,120,513,0,1.8
913,10681,Gio Urshela,MIN,3B,123,491,0,1.2
915,20325,Alex Kirilloff,MIN,LF,97,383,0,1.1
916,16337,Nick Gordon,MIN,LF,84,343,0,0.9
917,21501,Trevor Larnach,MIN,LF,102,411,0,0.7
918,20233,Gilberto Celestino,MIN,CF,44,173,0,0.6
919,sa1170516,Alex Isola,MIN,C,23,92,0,0.5
920,18063,Kyle Garlick,MIN,LF,45,193,0,0.3
922,26466,Matt Wallner,MIN,RF,40,161,0,0.2
923,sa917333,Jair Camargo,MIN,C,0,1,0,0
924,sa3017624,Noah Cardenas,MIN,C,0,1,0,0
925,sa3010707,Kyle Schmidt,MIN,C,0,1,0,0
926,sa3004056,David Bañuelos,MIN,C,0,1,0,0
927,15694,Chance Sisco,MIN,C,0,1,0,0
928,sa829030,Roy Morales,MIN,C,0,1,0,0
929,sa3017556,Pat Winkel,MIN,C,0,1,0,0
930,sa3007028,Chris Williams,MIN,C,0,1,0,0
931,sa3008250,Charles Mack,MIN,C,0,1,0,0
932,sa3005472,Jeferson Morales,MIN,C,0,1,0,0
933,sa3017903,Dillon Tatum,MIN,C,0,1,0,0
934,sa3018634,Daniel Pena,MIN,C,0,1,0,0
935,sa3016345,Junior Marino,MIN,C,0,1,0,0
936,sa3014454,Austin Martin,MIN,SS,0,1,0,0
937,sa3017902,Ernie Yake,MIN,SS,0,1,0,0
938,sa3019973,Brooks Lee,MIN,SS,0,1,0,0
939,sa3011204,Will Holland,MIN,SS,0,1,0,0
940,sa3003218,Daniel Ozoria,MIN,SS,0,1,0,0
941,sa917168,Wander Javier,MIN,SS,0,1,0,0
942,sa3017512,Noah Miller,MIN,SS,0,1,0,0
943,sa3010706,Keoni Cavaco,MIN,SS,0,1,0,0
944,sa3018427,Bryan Acuna,MIN,SS,0,1,0,0
945,sa3018425,Yilber Herrera,MIN,SS,0,1,0,0
946,20122,Mark Contreras,MIN,CF,6,26,0,0
948,12916,Francisco Lindor,NYM,SS,150,666,0,4.6
949,19251,Pete Alonso,NYM,1B,150,649,0,4.2
950,15362,Jeff McNeil,NYM,2B,150,663,0,3.7
951,9241,Starling Marte,NYM,RF,139,629,0,3.1
952,11445,Mark Canha,NYM,LF,141,582,0,2.1
953,16451,Luis Guillorme,NYM,2B,97,381,0,1.8
954,6153,Eduardo Escobar,NYM,3B,126,521,0,1.7
957,26121,Francisco Álvarez,NYM,C,74,305,0,1.5
958,26123,Brett Baty,NYM,3B,66,263,0,1.4
959,13755,Tomás Nido,NYM,C,69,262,0,1.2
960,14130,Daniel Vogelbach,NYM,DH,91,383,0,1
961,12859,James McCann,NYM,C,51,201,0,0.8
963,15653,Dominic Smith,NYM,DH,84,347,0,0.7
964,19952,Khalil Lee,NYM,CF,58,237,0,0.4
965,22184,Mark Vientos,NYM,DH,18,72,0,0.4
966,13768,Travis Jankowski,NYM,CF,60,242,0,0.3
969,9929,Darin Ruf,NYM,1B,31,130,0,0.2
971,18206,Nick Dini,NYM,C,0,1,0,0
972,sa3007826,Nick Meyer,NYM,C,0,1,0,0
973,sa3009888,Nic Gaddis,NYM,C,0,1,0,0
974,sa3007009,Hayden Senger,NYM,C,0,1,0,0
975,12977,Michael Perez,NYM,C,0,1,0,0
976,sa919893,Jose Mena,NYM,C,0,1,0,0
977,sa1170279,Matt O'Neill,NYM,C,0,1,0,0
978,sa3011114,Fernando Villalobos,NYM,C,0,1,0,0
979,sa872569,Juan Uriarte,NYM,C,0,1,0,0
980,sa831986,Oscar Campos,NYM,C,0,1,0,0
981,sa3018437,Carlos Oviedo,NYM,C,0,1,0,0
982,sa3015827,Jose Melendez,NYM,C,0,1,0,0
983,sa3018614,Christopher Suero,NYM,C,0,1,0,0
984,sa3017954,Jose Aular,NYM,C,0,1,0,0
985,sa3005948,Juan Loyo,NYM,C,0,1,0,0
986,sa872875,Jose Colina,NYM,C,0,1,0,0
987,sa3006887,Ronny Mauricio,NYM,SS,0,1,0,0
988,sa3010876,William Lugo,NYM,SS,0,1,0,0
989,sa3015187,Junior Tilien,NYM,SS,0,1,0,0
990,sa3006678,Manny Rodriguez,NYM,SS,0,1,0,0
991,sa917118,Wilmer Reyes,NYM,SS,0,1,0,0
992,sa917119,Shervyen Newton,NYM,SS,0,1,0,0
993,sa3015673,Kevin Villavicencio,NYM,SS,0,1,0,0
994,sa3017212,Kevin Kendall,NYM,SS,0,1,0,0
995,sa3018507,Jesus Baez,NYM,SS,0,1,0,0
996,sa3008740,Cesar Berbesi,NYM,SS,0,1,0,0
997,sa3010853,Branden Fryman,NYM,SS,0,1,0,0
998,sa3018499,Dangelo Sarmiento,NYM,SS,0,1,0,0
999,sa3009761,Luis Castillo,NYM,SS,0,1,0,0
1000,sa3015829,Samuel Camacaro,NYM,SS,0,1,0,0
1001,sa3016180,Yoandy Perez,NYM,SS,0,1,0,0
1002,sa917296,Gregory Guerrero,NYM,SS,0,1,0,0
1003,18690,Nick Plummer,NYM,LF,0,1,0,0
1004,13658,Terrance Gore,NYM,LF,0,1,0,0
1005,13658,Terrance Gore,NYM,CF,0,1,0,0
1006,18690,Nick Plummer,NYM,RF,0,1,0,0
1007,14897,Daniel Palka,NYM,DH,0,1,0,0
1008,18395,Travis Blankenhorn,NYM,DH,0,1,0,0
1009,18690,Nick Plummer,NYM,DH,0,1,0,0
1010,13658,Terrance Gore,NYM,DH,0,1,0,0
1011,16997,Gleyber Torres,NYY,2B,139,619,0,3.4
1013,18030,Harrison Bader,NYY,CF,130,525,0,2.9
1014,16725,Jose Trevino,NYY,C,83,316,0,2.7
1016,4949,Giancarlo Stanton,NYY,DH,131,574,0,2.4
1019,9874,DJ LeMahieu,NYY,3B,99,449,0,2.3
1020,sa3010868,Anthony Volpe,NYY,SS,81,328,0,2.1
1021,21707,Oswaldo Cabrera,NYY,RF,105,442,0,1.7
1022,5038,Josh Donaldson,NYY,3B,113,489,0,1.6
1024,5297,Aaron Hicks,NYY,CF,122,489,0,1.6
1026,22823,Oswald Peraza,NYY,SS,63,245,0,1.3
1027,5517,Kyle Higashioka,NYY,C,45,175,0,1.2
1028,19151,Estevan Florial,NYY,CF,86,347,0,0.9
1029,16512,Isiah Kiner-Falefa,NYY,SS,55,229,0,0.8
1030,20287,Ben Rortvedt,NYY,C,23,89,0,0.4
1031,sa3014440,Austin Wells,NYY,C,0,1,0,0
1032,sa3008051,Josh Breaux,NYY,C,0,1,0,0
1033,sa877500,Rodolfo Durán,NYY,C,0,1,0,0
1034,10655,Rob Brantly,NYY,C,0,1,0,0
1035,sa3007747,Mickey Gasper,NYY,C,0,1,0,0
1036,sa3006894,Anthony Seigler,NYY,C,0,1,0,0
1037,sa875626,Max McDowell,NYY,C,0,1,0,0
1038,sa3016974,Ben Rice,NYY,C,0,1,0,0
1039,sa916966,Carlos Narvaez,NYY,C,0,1,0,0
1040,sa3008746,Antonio Gomez,NYY,C,0,1,0,0
1041,sa923363,Saul Torres,NYY,C,0,1,0,0
1042,sa3015659,Manuel Palencia,NYY,C,0,1,0,0
1043,sa3008573,Omar Martinez,NYY,C,0,1,0,0
1044,sa3016135,Oscar Silverio,NYY,C,0,1,0,0
1045,sa3016561,Edinson Duran,NYY,C,0,1,0,0
1046,sa3003265,Miguel Torres,NYY,C,0,1,0,0
1047,sa3016319,Gabriel Bersing,NYY,C,0,1,0,0
1048,sa3009313,Nicolas Garcia,NYY,C,0,1,0,0
1049,10030,Chris Owings,NYY,2B,21,83,0,0
1050,sa916969,Jesus Bastidas,NYY,SS,0,1,0,0
1051,sa3016973,Trey Sweeney,NYY,SS,0,1,0,0
1052,sa3016976,Benjamin Cowles,NYY,SS,0,1,0,0
1053,sa917095,Eduardo Torrealba,NYY,SS,0,1,0,0
1054,sa3005080,Luis Santos,NYY,SS,0,1,0,0
1055,sa3018497,Enmanuel Tejeda,NYY,SS,0,1,0,0
1056,sa3008851,Alexander Vargas,NYY,SS,0,1,0,0
1057,sa3015565,Brenny Escanio,NYY,SS,0,1,0,0
1058,sa3009299,Dayro Perez,NYY,SS,0,1,0,0
1059,sa3005484,Roberto Chirinos,NYY,SS,0,1,0,0
1060,sa3019674,Roderick Arias,NYY,SS,0,1,0,0
1062,sa3016321,Hans Montero,NYY,SS,0,1,0,0
1063,15124,Tim Locastro,NYY,LF,15,60,0,0
1065,19352,Sean Murphy,OAK,C,132,581,0,4.3
1066,17128,Ramón Laureano,OAK,RF,146,634,0,2.6
1068,14894,Tony Kemp,OAK,2B,133,597,0,2.3
1071,22277,Nick Allen,OAK,SS,125,474,0,1.6
1072,18171,Seth Brown,OAK,1B,133,574,0,1.5
1074,25816,Shea Langeliers,OAK,DH,114,468,0,1.4
1075,17684,Vimael Machín,OAK,3B,76,324,0,1.1
1076,19983,Conner Capel,OAK,RF,83,330,0,1
1077,24703,Jonah Bride,OAK,2B,60,250,0,0.9
1079,19948,Cristian Pache,OAK,CF,91,352,0,0.8
1080,22411,Cal Stevenson,OAK,CF,52,209,0,0.6
1081,22650,Jordan Diaz,OAK,2B,39,161,0,0.4
1082,20242,Kevin Smith,OAK,3B,44,175,0,0.4
1083,20926,Dermis Garcia,OAK,1B,50,206,0,0.3
1084,20352,Ernie Clement,OAK,3B,21,84,0,0.2
1085,19432,Yonny Hernandez,OAK,3B,5,20,0,0.1
1086,sa1159677,Kyle McCann,OAK,C,5,18,0,0
1087,sa3014885,William Simoneit,OAK,C,0,1,0,0
1088,sa3008391,JJ Schwarz,OAK,C,0,1,0,0
1089,12384,Beau Taylor,OAK,C,0,1,0,0
1090,sa3017284,Shane McGuire,OAK,C,0,1,0,0
1091,sa3014489,Tyler Soderstrom,OAK,C,0,1,0,0
1092,sa3007071,Matt Cross,OAK,C,0,1,0,0
1093,sa3014936,Jared McDonald,OAK,C,0,1,0,0
1094,sa3017283,CJ Rodriguez,OAK,C,0,1,0,0
1095,sa3018922,Angel Rivera,OAK,C,0,1,0,0
1096,sa3014985,Cooper Uhl,OAK,C,0,1,0,0
1097,sa3009556,Matheus Lelis,OAK,C,0,1,0,0
1098,19625,David MacKinnon,OAK,1B,0,1,0,0
1099,15654,Billy McKinney,OAK,1B,0,1,0,0
1100,19563,Nate Mondou,OAK,2B,0,1,0,0
1101,19625,David MacKinnon,OAK,3B,0,1,0,0
1102,19635,Sheldon Neuse,OAK,3B,0,1,0,0
1103,sa3007511,Max Schuemann,OAK,SS,0,1,0,0
1104,sa918676,Logan Davidson,OAK,SS,0,1,0,0
1105,sa3007005,Jeremy Eierman,OAK,SS,0,1,0,0
1106,sa3008877,Euribiel Angeles,OAK,SS,0,1,0,0
1107,sa3017290,Max Muncy,OAK,SS,0,1,0,0
1108,sa3017281,Drew Swift,OAK,SS,0,1,0,0
1109,sa3017393,Jack Winkler,OAK,SS,0,1,0,0
1110,sa3002852,Alexander Campos,OAK,SS,0,1,0,0
1111,sa3005925,Dereck Salom,OAK,SS,0,1,0,0
1112,sa3005563,Jhoan Paulino,OAK,SS,0,1,0,0
1113,sa3018975,Elvis Rijo,OAK,SS,0,1,0,0
1114,sa3015581,Erubiel Fuentes,OAK,SS,0,1,0,0
1115,sa3014697,Robert Puason,OAK,SS,0,1,0,0
1116,sa3017699,Dayker Baldallo,OAK,SS,0,1,0,0
1117,sa3018467,Bryan Andrade,OAK,SS,0,1,0,0
1118,19828,Cody Thomas,OAK,LF,5,20,0,0
1119,17723,Skye Bolt,OAK,CF,0,1,0,0
1120,20533,Mickey McDonald,OAK,CF,0,1,0,0
1121,20533,Mickey McDonald,OAK,RF,0,1,0,0
1122,15654,Billy McKinney,OAK,RF,0,1,0,0
1123,20533,Mickey McDonald,OAK,DH,0,1,0,0
1124,16211,Kevin Cron,OAK,DH,0,1,0,0
1125,11739,J.T. Realmuto,PHI,C,129,555,0,4.6
1126,21618,Alec Bohm,PHI,3B,146,595,0,2.6
1127,16478,Kyle Schwarber,PHI,LF,143,643,0,2.6
1128,16472,Rhys Hoskins,PHI,1B,149,660,0,2.5
1130,26294,Bryson Stott,PHI,SS,117,456,0,2.4
1131,11579,Bryce Harper,PHI,DH,78,342,0,2
1133,20202,Brandon Marsh,PHI,CF,122,473,0,1.1
1134,11737,Nick Castellanos,PHI,RF,141,602,0,0.8
1136,17022,Edmundo Sosa,PHI,SS,57,226,0,0.7
1137,21558,Matt Vierling,PHI,CF,73,288,0,0.7
1139,19717,Darick Hall,PHI,DH,57,233,0,0.4
1140,18067,Garrett Stubbs,PHI,C,27,108,0,0.2
1141,21635,Nick Maton,PHI,2B,21,84,0,0.2
1145,18603,Donny Sands,PHI,C,6,25,0,0.1
1147,21646,Rafael Marchan,PHI,C,5,18,0,0
1148,sa3006857,Jack Conley,PHI,C,0,1,0,0
1149,sa3010679,Herbert Iser,PHI,C,0,1,0,0
1150,sa3007528,Nick Matera,PHI,C,0,1,0,0
1151,sa3010712,Vito Friscia,PHI,C,0,1,0,0
1152,sa3005939,Arturo De Freitas,PHI,C,0,1,0,0
1153,sa3017477,Anthony Quirion,PHI,C,0,1,0,0
1154,sa3015662,Jorge Mendez,PHI,C,0,1,0,0
1155,sa3015836,Solardo Rodriguez,PHI,C,0,1,0,0
1156,sa3016753,Brahian Silva,PHI,C,0,1,0,0
1157,sa3017560,Jose Colmenarez,PHI,C,0,1,0,0
1158,sa3010693,Andrick Nava,PHI,C,0,1,0,0
1159,sa3008924,Adony Mejia,PHI,C,0,1,0,0
1160,sa3015684,Kliubert Avila,PHI,C,0,1,0,0
1161,16313,Yairo Munoz,PHI,2B,0,1,0,0
1162,17975,Scott Kingery,PHI,2B,0,1,0,0
1163,16313,Yairo Munoz,PHI,3B,0,1,0,0
1164,16313,Yairo Munoz,PHI,SS,0,1,0,0
1165,sa872466,Kevin Vicuña,PHI,SS,0,1,0,0
1166,sa3017863,Hao Yu Lee,PHI,SS,0,1,0,0
1167,14145,Daniel Robertson,PHI,SS,0,1,0,0
1168,17975,Scott Kingery,PHI,SS,0,1,0,0
1169,sa917127,Jonathan Guzman,PHI,SS,0,1,0,0
1170,sa3011753,Erick Brito,PHI,SS,0,1,0,0
1171,sa3010708,Sal Gozzo,PHI,SS,0,1,0,0
1172,sa3009286,Alexeis Azuaje,PHI,SS,0,1,0,0
1173,sa3014524,Casey Martin,PHI,SS,0,1,0,0
1174,sa3011446,Jamari Baylor,PHI,SS,0,1,0,0
1175,sa3016872,Marco Soto,PHI,SS,0,1,0,0
1176,sa3018463,Aroon Escobar,PHI,SS,0,1,0,0
1177,sa3018494,Juan Villavicencio,PHI,SS,0,1,0,0
1178,sa3015582,Fernando Hernandez,PHI,SS,0,1,0,0
1179,sa3018466,Nolan Beltran,PHI,SS,0,1,0,0
1180,sa3016836,Deivi Cabrera,PHI,SS,0,1,0,0
1181,sa3015838,Yemil Rosario,PHI,SS,0,1,0,0
1182,19553,Símon Muzziotti,PHI,CF,0,1,0,0
1183,21293,Dalton Guthrie,PHI,RF,13,53,0,0
1184,19326,Bryan Reynolds,PIT,CF,150,675,0,4
1185,21711,Oneil Cruz,PIT,SS,130,589,0,3.8
1186,18577,Ke'Bryan Hayes,PIT,3B,139,618,0,3.1
1187,sa3008272,Endy Rodriguez,PIT,C,65,245,0,1.9
1189,21987,Rodolfo Castro,PIT,2B,107,431,0,1.5
1190,22244,Jack Suwinski,PIT,LF,89,365,0,1.3
1192,17696,Kevin Newman,PIT,2B,122,503,0,1.2
1194,sa3010269,Blake Sabol,PIT,C,41,165,0,1.1
1196,23818,Ji Hwan Bae,PIT,CF,60,242,0,1.1
1197,22169,Cal Mitchell,PIT,RF,91,355,0,1.1
1198,19906,Diego Castillo,PIT,2B,73,300,0,0.8
1200,15878,Miguel Andújar,PIT,LF,91,372,0,0.7
1202,23264,Canaan Smith-Njigba,PIT,LF,42,171,0,0.6
1203,13897,Tyler Heineman,PIT,C,23,87,0,0.5
1204,19806,Jason Delay,PIT,C,50,191,0,0.5
1205,18551,Ali Sánchez,PIT,C,27,110,0,0.3
1206,22871,Tucupita Marcano,PIT,2B,23,93,0,0.2
1209,18027,Hoy Park,PIT,3B,18,71,0,0.1
1211,24491,Travis Swaggerty,PIT,CF,16,65,0,0.1
1212,sa3017042,Henry Davis,PIT,C,0,1,0,0
1213,sa1115884,Carter Bins,PIT,C,0,1,0,0
1214,10346,John Ryan Murphy,PIT,C,0,1,0,0
1215,19181,Zack Collins,PIT,C,0,1,0,0
1216,sa3004263,Abrahan Gutierrez,PIT,C,0,1,0,0
1217,sa3008180,Grant Koch,PIT,C,0,1,0,0
1218,sa918961,Eli Wilson,PIT,C,0,1,0,0
1219,sa1170874,Dylan Shockley,PIT,C,0,1,0,0
1220,sa3017163,Wyatt Hendrie,PIT,C,0,1,0,0
1221,sa3005614,Darwin Baez,PIT,C,0,1,0,0
1222,sa3011668,Fabian Urbina,PIT,C,0,1,0,0
1223,sa3015807,Samuel Escudero,PIT,C,0,1,0,0
1224,sa3016325,Miguel Sosa,PIT,C,0,1,0,0
1225,sa3018474,Richard Ramirez,PIT,C,0,1,0,0
1226,19181,Zack Collins,PIT,1B,0,1,0,0
1227,16593,Kevin Padlo,PIT,1B,0,1,0,0
1228,16593,Kevin Padlo,PIT,3B,0,1,0,0
1229,24273,Liover Peguero,PIT,SS,0,1,0,0
1230,sa3010710,Andres Alvarez,PIT,SS,0,1,0,0
1231,sa3008901,Dariel Lopez,PIT,SS,0,1,0,0
1232,sa549144,Drew Maggi,PIT,SS,0,1,0,0
1233,sa3015376,Tsung-Che Cheng,PIT,SS,0,1,0,0
1234,sa3003291,Francisco Acuna,PIT,SS,0,1,0,0
1235,sa3008878,Maikol Escotto,PIT,SS,0,1,0,0
1236,sa3008879,Deivis Nadal,PIT,SS,0,1,0,0
1237,sa3015770,Wesley Zapata,PIT,SS,0,1,0,0
1238,sa3005575,Norkis Marcos,PIT,SS,0,1,0,0
1239,sa3018408,Yordany De Los Santos,PIT,SS,0,1,0,0
1240,sa3015590,Jeral Toledo,PIT,SS,0,1,0,0
1241,sa3015670,Kelvin Diaz,PIT,SS,0,1,0,0
1242,sa3018509,Daje Morales,PIT,SS,0,1,0,0
1243,sa3015589,Javier Rivas,PIT,SS,0,1,0,0
1244,sa3016550,John Zorrilla,PIT,SS,0,1,0,0
1245,19181,Zack Collins,PIT,DH,0,1,0,0
1246,20123,Juan Soto,SDP,RF,150,675,0,7.1
1247,19709,Fernando Tatis Jr.,SDP,LF,125,552,0,5.8
1248,11493,Manny Machado,SDP,3B,150,663,0,4.9
1249,27506,Ha-Seong Kim,SDP,SS,141,613,0,3.4
1250,18036,Jake Cronenworth,SDP,2B,147,639,0,3
1251,18564,Trent Grisham,SDP,CF,125,513,0,2.6
1252,19964,Eguy Rosario,SDP,3B,92,368,0,1.7
1254,15941,Austin Nola,SDP,C,84,349,0,1.5
1255,22217,Luis Campusano,SDP,C,87,343,0,1.3
1258,15214,Brandon Dixon,SDP,DH,79,319,0,0.9
1259,18821,José Azocar,SDP,CF,75,285,0,0.6
1261,12180,Jorge Alfaro,SDP,C,48,194,0,0.4
1262,sa857232,Brett Sullivan,SDP,C,48,193,0,0.2
1264,20157,Matthew Batten,SDP,3B,44,180,0,0.2
1265,14636,Webster Rivas,SDP,C,0,1,0,0
1266,sa3005729,Brandon Valenzuela,SDP,C,0,1,0,0
1267,sa829494,Michael Cantu,SDP,C,0,1,0,0
1268,sa3003969,Chandler Seagle,SDP,C,0,1,0,0
1269,sa913717,Juan Zabala,SDP,C,0,1,0,0
1270,sa3017660,Anthony Vilar,SDP,C,0,1,0,0
1271,sa872817,Yorman Rodriguez,SDP,C,0,1,0,0
1272,sa3002865,Gilberto Vizcarra,SDP,C,0,1,0,0
1273,sa917824,Juan Fernandez,SDP,C,0,1,0,0
1274,sa3014938,Adam Kerner,SDP,C,0,1,0,0
1275,sa3015593,Oswaldo Linares,SDP,C,0,1,0,0
1276,sa3008904,Victor Duarte,SDP,C,0,1,0,0
1277,sa3016828,Colton Bender,SDP,C,0,1,0,0
1278,sa3011560,Jared Alvarez-Lopez,SDP,C,0,1,0,0
1279,sa3010398,Tyler Malone,SDP,C,0,1,0,0
1280,sa3015594,Carlos Rodriguez,SDP,C,0,1,0,0
1281,sa3004155,Jonny Homza,SDP,C,0,1,0,0
1282,sa3004266,Alison Quintero,SDP,C,0,1,0,0
1283,sa658616,C.J. Hinojosa,SDP,SS,0,1,0,0
1284,sa3007823,Connor Kaiser,SDP,SS,0,1,0,0
1285,sa917141,Kelvin Melean,SDP,SS,0,1,0,0
1286,sa3016829,Jackson Merrill,SDP,SS,0,1,0,0
1287,sa3007022,Jarryd Dale,SDP,SS,0,1,0,0
1288,sa3002670,Justin Lopez,SDP,SS,0,1,0,0
1289,sa3008895,Charlis Aquino,SDP,SS,0,1,0,0
1290,sa3018418,Yendry Rojas,SDP,SS,0,1,0,0
1291,sa3002858,Bryan Torres,SDP,SS,0,1,0,0
1292,sa3018219,Wyatt Hoffman,SDP,SS,0,1,0,0
1293,17307,Luis Liberato,SDP,DH,0,1,0,0
1294,20040,Jorge Oña,SDP,DH,0,1,0,0
1295,23697,Julio Rodríguez,SEA,CF,149,679,0,6
1296,21534,Cal Raleigh,SEA,C,122,509,0,3.4
1297,17982,Ty France,SEA,1B,149,670,0,3.3
1298,15491,J.P. Crawford,SEA,SS,143,575,0,2.9
1299,12552,Eugenio Suárez,SEA,3B,144,624,0,2.4
1300,13590,Jesse Winker,SEA,LF,115,494,0,1.5
1302,22558,Jarred Kelenic,SEA,RF,109,434,0,1.2
1303,19508,Kyle Lewis,SEA,CF,92,389,0,1.2
1304,13499,Tom Murphy,SEA,C,63,245,0,1.1
1305,18042,Dylan Moore,SEA,RF,91,362,0,1.1
1306,19844,Abraham Toro,SEA,2B,50,205,0,0.8
1309,19960,Taylor Trammell,SEA,RF,52,206,0,0.6
1310,18054,Sam Haggerty,SEA,RF,65,257,0,0.6
1311,10071,Jonathan Villar,SEA,2B,32,136,0,0.3
1314,15905,Luis Torrens,SEA,C,33,133,0,0.2
1316,16947,Derek Hill,SEA,CF,31,123,0,0.1
1317,sa828797,Josh Morgan,SEA,C,0,1,0,0
1318,16680,Brian O'Keefe,SEA,C,0,1,0,0
1319,sa3014832,Matt Scheffler,SEA,C,0,1,0,0
1320,sa3006674,Jake Anchia,SEA,C,0,1,0,0
1321,sa3016858,Charlie Welch,SEA,C,0,1,0,0
1322,sa3017627,Harry Ford,SEA,C,0,1,0,0
1323,sa547818,Rodrigo Vigil,SEA,C,0,1,0,0
1324,sa3014880,Ty Duvall,SEA,C,0,1,0,0
1325,sa3002866,Freuddy Batista,SEA,C,0,1,0,0
1326,sa3009310,Jose Caguana,SEA,C,0,1,0,0
1327,sa3018607,Carlos Gonzalez,SEA,C,0,1,0,0
1328,sa3016539,German Guilarte,SEA,C,0,1,0,0
1329,19873,Drew Ellis,SEA,3B,0,1,0,0
1330,sa828797,Josh Morgan,SEA,SS,0,1,0,0
1331,sa3004817,Jose Caballero,SEA,SS,0,1,0,0
1332,sa737614,Riley Unroe,SEA,SS,0,1,0,0
1333,sa3002758,Mason McCoy,SEA,SS,0,1,0,0
1334,sa3009891,Patrick Frick,SEA,SS,0,1,0,0
1335,sa3016859,James Parker,SEA,SS,0,1,0,0
1336,sa3002847,Cesar Izturis Jr.,SEA,SS,0,1,0,0
1337,13905,Seth Mejias-Brean,SEA,SS,0,1,0,0
1338,sa3015601,Axel Sanchez,SEA,SS,0,1,0,0
1339,sa3018429,Michael Arroyo,SEA,SS,0,1,0,0
1340,sa3011254,Mike Salvatore,SEA,SS,0,1,0,0
1341,sa3003216,Amador Arias,SEA,SS,0,1,0,0
1342,sa3018434,Martin Gonzalez,SEA,SS,0,1,0,0
1343,20510,Jack Larsen,SEA,RF,0,1,0,0
1344,16680,Brian O'Keefe,SEA,DH,0,1,0,0
1345,5222,Justin Upton,FA,DH,42,178,0,-0.2
1346,16426,Thairo Estrada,SFG,2B,134,534,0,2.6
1349,14854,Mike Yastrzemski,SFG,RF,130,551,0,2.2
1350,5343,Brandon Crawford,SFG,SS,122,492,0,2
1351,5827,Wilmer Flores,SFG,1B,118,495,0,1.5
1353,24782,David Villar,SFG,3B,83,338,0,1.5
1354,16219,J.D. Davis,SFG,3B,110,466,0,1.5
1356,16153,Austin Slater,SFG,CF,66,289,0,1.2
1357,9368,Evan Longoria,SFG,3B,107,452,0,1.1
1358,21524,Joey Bart,SFG,C,95,360,0,1
1360,18126,LaMonte Wade Jr.,SFG,RF,91,413,0,1
1361,12371,Tommy La Stella,SFG,DH,87,371,0,0.9
1362,15271,Austin Wynns,SFG,C,51,198,0,0.8
1364,20332,Luis González,SFG,RF,58,236,0,0.4
1365,21634,Ford Proctor,SFG,2B,5,18,0,0.1
1366,18142,Patrick Mazeika,SFG,C,0,1,0,0
1367,sa735866,Jhonny Pereda,SFG,C,0,1,0,0
1368,sa918686,Brandon Martorano,SFG,C,0,1,0,0
1369,sa916844,Ricardo Genovés,SFG,C,0,1,0,0
1370,sa3014941,Brett Auerbach,SFG,C,0,1,0,0
1371,sa3014442,Patrick Bailey,SFG,C,0,1,0,0
1372,15055,Dom Nuñez,SFG,C,0,1,0,0
1373,sa3016953,Andy Thomas,SFG,C,0,1,0,0
1374,sa3014940,Robert Emery,SFG,C,0,1,0,0
1375,sa3016852,Max Wright,SFG,C,0,1,0,0
1376,sa3009551,Ronaldo Flores,SFG,C,0,1,0,0
1377,sa3015190,Adrian Sugastey,SFG,C,0,1,0,0
1378,sa3008897,Rayner Santana,SFG,C,0,1,0,0
1379,sa3016644,Javier Castillo,SFG,C,0,1,0,0
1380,sa3018516,Juan Perez,SFG,C,0,1,0,0
1381,sa3016152,Eduardo Montero,SFG,C,0,1,0,0
1382,sa3018521,Alessandro Duran,SFG,C,0,1,0,0
1383,sa3015759,Brayan Ferrer,SFG,C,0,1,0,0
1384,sa3016549,Diego Gonzalez,SFG,C,0,1,0,0
1385,19314,Donovan Walton,SFG,2B,0,1,0,0
1386,16686,Jason Vosler,SFG,3B,0,1,0,0
1387,19314,Donovan Walton,SFG,SS,0,1,0,0
1388,sa3011257,Tyler Fitzgerald,SFG,SS,0,1,0,0
1389,sa3009871,Will Wilson,SFG,SS,0,1,0,0
1390,sa3010022,Marco Luciano,SFG,SS,0,1,0,0
1391,sa1169809,Simon Whiteman,SFG,SS,0,1,0,0
1392,sa3014707,Aeverson Arteaga,SFG,SS,0,1,0,0
1393,sa3016541,Jose Ramos,SFG,SS,0,1,0,0
1394,sa3003331,Ghordy Santos,SFG,SS,0,1,0,0
1395,sa3007291,Abdiel Layer,SFG,SS,0,1,0,0
1396,sa3015752,Ramon Peralta,SFG,SS,0,1,0,0
1397,sa3010165,Dilan Rosario,SFG,SS,0,1,0,0
1398,sa3015608,Yeison Lemos,SFG,SS,0,1,0,0
1399,sa3019675,Dennys Riera,SFG,SS,0,1,0,0
1400,sa3019211,Audie Jimenez,SFG,SS,0,1,0,0
1402,12394,Jason Krizan,SFG,LF,0,1,0,0
1403,18288,Austin Dean,SFG,LF,0,1,0,0
1404,22093,Steele Walker,SFG,LF,0,1,0,0
1405,20002,Bryce Johnson,SFG,CF,0,1,0,0
1406,22515,Heliot Ramos,SFG,RF,2,7,0,0
1407,20002,Bryce Johnson,SFG,RF,0,1,0,0
1408,18288,Austin Dean,SFG,RF,0,1,0,0
1409,19533,Taylor Jones,SFG,DH,0,1,0,0
1410,9777,Nolan Arenado,STL,3B,150,649,0,5.2
1411,9218,Paul Goldschmidt,STL,1B,150,666,0,4.3
1412,19470,Tommy Edman,STL,SS,147,660,0,3.5
1414,24679,Brendan Donovan,STL,2B,125,528,0,2.9
1415,20126,Dylan Carlson,STL,CF,125,509,0,2.9
1416,21454,Lars Nootbaar,STL,RF,107,474,0,2.9
1418,15711,Tyler O'Neill,STL,LF,130,539,0,2.6
1419,22263,Nolan Gorman,STL,2B,92,389,0,1.5
1420,20599,Iván Herrera,STL,C,57,227,0,1.2
1421,18400,Juan Yepez,STL,LF,89,359,0,1.2
1422,19514,Andrew Knizner,STL,C,86,327,0,0.7
1423,18015,Paul DeJong,STL,SS,47,189,0,0.7
1425,27615,Alec Burleson,STL,RF,19,80,0,0.3
1426,18083,Austin Allen,STL,C,9,36,0,0.2
1427,sa3010339,Pedro Pages,STL,C,8,31,0,0.1
1428,sa3015018,Nick Raposo,STL,C,0,1,0,0
1429,sa917669,Julio E. Rodriguez,STL,C,0,1,0,0
1430,sa3010906,Aaron Antonini,STL,C,0,1,0,0
1431,sa3015773,Leonardo Bernal,STL,C,0,1,0,0
1432,sa3005727,Luis Rodriguez,STL,C,0,1,0,0
1433,sa3017000,Wade Stauss,STL,C,0,1,0,0
1434,sa3016977,Aaron McKeithan,STL,C,0,1,0,0
1435,sa3015615,Justin Guerrero,STL,C,0,1,0,0
1436,sa3016195,Alejandro Loaiza,STL,C,0,1,0,0
1437,sa3016113,Maikel Hernandez,STL,C,0,1,0,0
1438,12294,Cory Spangenberg,STL,3B,0,1,0,0
1439,20022,Kramer Robertson,STL,SS,0,1,0,0
1440,sa3014506,Masyn Winn,STL,SS,0,1,0,0
1441,sa917339,Jose Fermin,STL,SS,0,1,0,0
1442,sa3002836,Evan Mendoza,STL,SS,0,1,0,0
1443,sa917935,Delvin Pérez,STL,SS,0,1,0,0
1444,sa857538,Roberto Baldoquin,STL,SS,0,1,0,0
1445,sa857819,Errol Robinson,STL,SS,0,1,0,0
1446,sa3016919,Mack Chambers,STL,SS,0,1,0,0
1447,sa3007513,Ramon Mendoza,STL,SS,0,1,0,0
1448,sa3015193,Jeremy Rivas,STL,SS,0,1,0,0
1449,sa3018411,Jonathan Mejia,STL,SS,0,1,0,0
1450,sa3015611,Lizandro Espinoza,STL,SS,0,1,0,0
1451,sa3015771,Adari Grant,STL,SS,0,1,0,0
1452,sa3018485,Arfeni Batista,STL,SS,0,1,0,0
1453,sa3015772,Elias Reynoso,STL,SS,0,1,0,0
1454,sa3016327,Marcelo Perez,STL,SS,0,1,0,0
1455,19644,Ben DeLuzio,STL,CF,0,1,0,0
1456,23667,Wander Franco,TBR,SS,144,649,0,5.6
1457,16578,Yandy Díaz,TBR,3B,141,641,0,4.1
1458,18882,Brandon Lowe,TBR,2B,134,585,0,3.5
1459,20036,Isaac Paredes,TBR,3B,112,463,0,2.9
1461,19290,Randy Arozarena,TBR,LF,149,656,0,2.9
1462,17452,Jose Siri,TBR,CF,118,453,0,2.7
1463,10028,Christian Bethancourt,TBR,C,73,287,0,2.1
1465,14712,Manuel Margot,TBR,RF,128,533,0,2
1466,21837,Jonathan Aranda,TBR,2B,84,338,0,1.4
1469,14387,Harold Ramírez,TBR,DH,107,451,0,1.2
1470,5452,Ji-Man Choi,TBR,1B,112,481,0,1.1
1471,11038,Kevin Kiermaier,TBR,CF,100,408,0,1.1
1472,16403,Francisco Mejía,TBR,C,71,282,0,1
1473,22458,Taylor Walls,TBR,SS,58,232,0,0.8
1474,19953,Josh Lowe,TBR,RF,63,260,0,0.8
1475,20536,Vidal Bruján,TBR,2B,36,144,0,0.5
1477,20017,Miles Mastrobuoni,TBR,2B,26,106,0,0.3
1479,19859,René Pinto,TBR,C,12,47,0,0.2
1480,20054,Bligh Madris,TBR,RF,37,152,0,0.2
1481,sa3007018,Xavier Edwards,TBR,SS,6,26,0,0.1
1482,19354,Luke Raley,TBR,LF,8,33,0,0.1
1484,sa917107,Roberto Alvarez,TBR,C,0,1,0,0
1485,sa3004153,Blake Hunt,TBR,C,0,1,0,0
1486,14412,Joe Hudson,TBR,C,0,1,0,0
1487,sa3009882,Logan Driscoll,TBR,C,0,1,0,0
1488,sa917463,Luis Leon,TBR,C,0,1,0,0
1489,sa3007016,Michael Berglund,TBR,C,0,1,0,0
1490,sa3017664,Kenny Piper,TBR,C,0,1,0,0
1491,sa735825,David Rodríguez,TBR,C,0,1,0,0
1492,sa3014883,Matt Dyer,TBR,C,0,1,0,0
1493,sa3007333,Nate Soria,TBR,C,0,1,0,0
1494,sa3003423,Julio Meza,TBR,C,0,1,0,0
1495,sa3004505,Erik Ostberg,TBR,C,0,1,0,0
1496,sa3016835,Raudelis Martinez,TBR,C,0,1,0,0
1497,sa3015791,Luis Ariza,TBR,C,0,1,0,0
1498,sa3008914,Felix Salguera,TBR,C,0,1,0,0
1499,sa3019208,Jhonny Perez,TBR,C,0,1,0,0
1500,sa3015629,Roylems Rangel,TBR,C,0,1,0,0
1501,sa3004756,Nathan Perry,TBR,C,0,1,0,0
1502,sa3018576,Enderson Delgado,TBR,C,0,1,0,0
1503,sa3006594,Osleivis Basabe,TBR,SS,0,1,0,0
1504,sa829756,Tristan Gray,TBR,SS,0,1,0,0
1505,sa3010151,Greg Jones,TBR,SS,0,1,0,0
1506,sa3003228,Johan Lopez,TBR,SS,0,1,0,0
1507,sa917463,Luis Leon,TBR,SS,0,1,0,0
1508,sa3014427,Alika Williams,TBR,SS,0,1,0,0
1509,sa3017795,Carson Williams,TBR,SS,0,1,0,0
1510,sa3006660,Tyler Frank,TBR,SS,0,1,0,0
1511,sa3003282,Abiezel Ramirez,TBR,SS,0,1,0,0
1512,sa3005795,Pedro Martinez,TBR,SS,0,1,0,0
1513,sa3011821,Willy Vasquez,TBR,SS,0,1,0,0
1514,sa3018592,Miguel Tamares,TBR,SS,0,1,0,0
1515,sa3018564,Narciso Polanco,TBR,SS,0,1,0,0
1516,sa3018544,Nicandro Aybar,TBR,SS,0,1,0,0
1517,sa3015793,Nathanael Rodriguez,TBR,SS,0,1,0,0
1518,sa3008754,Alejandro Pie,TBR,SS,0,1,0,0
1519,sa3015626,Odalys Peguero,TBR,SS,0,1,0,0
1520,sa3015624,Willmer De La Cruz,TBR,SS,0,1,0,0
1521,sa3009312,Cesar Aponte,TBR,SS,0,1,0,0
1522,13546,Roman Quinn,TBR,CF,0,1,0,0
1523,13624,Corey Seager,TEX,SS,143,641,0,4.7
1524,12533,Marcus Semien,TEX,2B,150,692,0,4.3
1526,19566,Nathaniel Lowe,TEX,1B,146,634,0,3
1527,16930,Jonah Heim,TEX,C,100,415,0,2.9
1529,19287,Adolis García,TEX,RF,150,648,0,1.7
1530,26299,Josh Jung,TEX,3B,122,498,0,1.6
1531,18900,Leody Taveras,TEX,CF,122,478,0,1.5
1533,15161,Mitch Garver,TEX,DH,99,416,0,1.1
1534,23733,Ezequiel Duran,TEX,3B,81,320,0,1
1535,26396,Josh H. Smith,TEX,3B,91,348,0,0.8
1537,18819,Andy Ibáñez,TEX,3B,57,230,0,0.5
1538,19294,Nick Solak,TEX,LF,62,255,0,0.5
1540,17109,Meibrys Viloria,TEX,C,24,95,0,0.4
1541,22209,Sam Huff,TEX,C,23,93,0,0.3
1542,22261,Bubba Thompson,TEX,LF,78,299,0,0.3
1543,18032,Mark Mathias,TEX,DH,21,85,0,0.2
1546,12775,Brad Miller,TEX,LF,76,305,0,0.1
1548,19346,Eli White,TEX,CF,32,130,0,0.1
1550,sa3007013,Scott Kapers,TEX,C,0,1,0,0
1551,19634,Jack Kruger,TEX,C,0,1,0,0
1552,sa3003197,David García,TEX,C,0,1,0,0
1553,sa829345,Jordan Procyshen,TEX,C,0,1,0,0
1554,sa915868,Matt Whatley,TEX,C,0,1,0,0
1555,sa3010153,Cody Freeman,TEX,C,0,1,0,0
1556,sa3005529,Randy Florentino,TEX,C,0,1,0,0
1557,sa3017171,Ian Moller,TEX,C,0,1,0,0
1558,sa3018638,Jesus Lopez,TEX,C,0,1,0,0
1559,sa3008885,Efrenyer Narvaez,TEX,C,0,1,0,0
1560,sa3017400,Liam Hicks,TEX,C,0,1,0,0
1561,sa3009308,Abel Noguera,TEX,C,0,1,0,0
1562,sa3016190,Josue Romero,TEX,C,0,1,0,0
1563,sa3008144,Xavier Valentin,TEX,C,0,1,0,0
1564,sa3018531,Daniel Bruzual,TEX,C,0,1,0,0
1565,sa3017511,Tucker Mitchell,TEX,C,0,1,0,0
1566,sa3011890,Davis Wendzel,TEX,SS,3,13,0,0
1567,sa3008765,Luisangel Acuña,TEX,SS,0,1,0,0
1568,sa3006909,Jonathan Ornelas,TEX,SS,0,1,0,0
1569,sa3007019,Frainyer Chavez,TEX,SS,0,1,0,0
1570,sa3014711,Maximo Acosta,TEX,SS,0,1,0,0
1571,sa3005488,Keyber Rodriguez,TEX,SS,0,1,0,0
1572,sa917277,Cristian Inoa,TEX,SS,0,1,0,0
1573,sa3017167,Cameron Cauley,TEX,SS,0,1,0,0
1574,sa3003238,Yenci Pena,TEX,SS,0,1,0,0
1575,sa3018640,Cristian Gonzalez,TEX,SS,0,1,0,0
1576,sa3015725,Danyer Cueva,TEX,SS,0,1,0,0
1577,sa3015598,Andres Mesa,TEX,SS,0,1,0,0
1578,sa3004142,Chris Seise,TEX,SS,0,1,0,0
1579,sa3018527,Esteban Mejia,TEX,SS,0,1,0,0
1580,sa3015726,Yeferson Tineo,TEX,SS,0,1,0,0
1581,13750,Elier Hernandez,TEX,LF,0,1,0,0
1582,18848,Yohel Pozo,TEX,DH,0,1,0,0
1583,13750,Elier Hernandez,TEX,DH,0,1,0,0
1584,19611,Vladimir Guerrero Jr.,TOR,1B,150,665,0,5.4
1585,22581,Alejandro Kirk,TOR,C,126,537,0,4.6
1587,19612,Bo Bichette,TOR,SS,150,672,0,4.4
1588,12856,George Springer,TOR,CF,141,650,0,4.3
1590,16505,Matt Chapman,TOR,3B,150,625,0,3.5
1591,16535,Danny Jansen,TOR,C,116,468,0,2.6
1592,19997,Santiago Espinal,TOR,2B,128,494,0,2.2
1593,13066,Teoscar Hernández,TOR,RF,143,602,0,2.1
1594,19238,Lourdes Gurriel Jr.,TOR,LF,134,544,0,1.6
1595,11281,Whit Merrifield,TOR,2B,131,547,0,1.2
1598,19252,Cavan Biggio,TOR,2B,66,266,0,0.6
1599,14350,Raimel Tapia,NA,LF,71,299,0,0.6
1601,22664,Gabriel Moreno,TOR,C,15,60,0,0.5
1602,19608,Otto Lopez,TOR,SS,21,88,0,0.4
1603,sa3006910,Addison Barger,TOR,SS,11,46,0,0.3
1604,27459,Yoshi Tsutsugo,TOR,1B,55,231,0,0.1
1606,sa3014821,Zach Britton,TOR,C,0,1,0,0
1607,sa3011379,Phil Clarke,TOR,C,0,1,0,0
1608,sa873599,Stevie Berman,TOR,C,0,1,0,0
1609,sa918639,Ryan Gold,TOR,C,0,1,0,0
1610,sa3006727,Chris Bec,TOR,C,0,1,0,0
1611,sa3017605,Andres Sosa,TOR,C,0,1,0,0
1612,sa3005586,Jommer Hernandez,TOR,C,0,1,0,0
1613,sa1172775,Anthony Morales,TOR,C,0,1,0,0
1614,sa3018120,Karl Ellison,TOR,C,0,1,0,0
1615,sa3015196,Victor Mesia,TOR,C,0,1,0,0
1616,sa3005952,Jose Ferrer,TOR,C,0,1,0,0
1617,sa3016719,Edward Duran,TOR,C,0,1,0,0
1618,sa3018554,Faruk De La Cruz,TOR,C,0,1,0,0
1619,sa3010692,Orelvis Martinez,TOR,SS,0,1,0,0
1620,sa917822,Luis De Los Santos,TOR,SS,0,1,0,0
1621,sa3006891,Leo Jimenez,TOR,SS,0,1,0,0
1622,sa3015542,Adrian Pinto,TOR,SS,0,1,0,0
1623,sa3008842,Alex De Jesus,TOR,SS,0,1,0,0
1624,sa3003339,Hugo Cardona,TOR,SS,0,1,0,0
1625,sa3004813,Logan Warmoth,TOR,SS,0,1,0,0
1626,sa3003347,Sebastian Espino,TOR,SS,0,1,0,0
1627,13795,Eric Stamets,TOR,SS,0,1,0,0
1628,sa3020195,Michael Turconi,TOR,SS,0,1,0,0
1629,sa3020203,Josh Kasevich,TOR,SS,0,1,0,0
1630,sa3014715,Estiven Machado,TOR,SS,0,1,0,0
1631,sa3015710,Manuel Beltre,TOR,SS,0,1,0,0
1632,sa3010341,Glenn Santiago,TOR,SS,0,1,0,0
1633,sa3014714,Rikelbin De Castro,TOR,SS,0,1,0,0
1634,sa3018581,Jose Fernandez,TOR,SS,0,1,0,0
1635,sa3015724,Martin Gimenez,TOR,SS,0,1,0,0
1636,16221,Bradley Zimmer,TOR,CF,26,106,0,0
1637,25040,Vinny Capra,TOR,DH,3,13,0,0
1638,25768,CJ Abrams,WSN,SS,130,569,0,2.7
1639,19610,Keibert Ruiz,WSN,C,113,481,0,2.5
1640,14366,Joey Meneses,WSN,1B,139,615,0,1.9
1642,20391,Luis García,WSN,2B,117,479,0,1.6
1644,16939,Lane Thomas,WSN,LF,123,552,0,1.6
1646,19296,Alex Call,WSN,LF,99,396,0,1.3
1647,18363,Victor Robles,WSN,CF,123,476,0,0.9
1649,13324,Ildemaro Vargas,WSN,3B,81,320,0,0.6
1650,14811,Luke Voit,WSN,DH,122,519,0,0.6
1651,22906,Israel Pineda,WSN,C,26,102,0,0.3
1652,18899,Lucius Fox,WSN,3B,24,97,0,0.1
1655,19818,Josh Palacios,WSN,RF,11,46,0,0.1
1656,19864,Riley Adams,WSN,C,46,180,0,0
1657,19977,Tres Barrera,WSN,C,0,1,0,0
1658,sa3014475,Drew Millas,WSN,C,0,1,0,0
1659,sa3014942,Brady Lindsly,WSN,C,0,1,0,0
1660,3256,Welington Castillo,WSN,C,0,1,0,0
1661,sa3008007,Onix Vega,WSN,C,0,1,0,0
1662,sa3002635,Geraldi Diaz,WSN,C,0,1,0,0
1663,16098,Taylor Gushue,WSN,C,0,1,0,0
1664,sa3002634,Wilmer Perez,WSN,C,0,1,0,0
1665,sa3009817,Jose Colmenares,WSN,C,0,1,0,0
1666,sa3017553,Steven Williams,WSN,C,0,1,0,0
1667,sa3010045,Andrew Pratt,WSN,C,0,1,0,0
1668,sa3016643,Edward De La Cruz,WSN,C,0,1,0,0
1669,sa597007,Jecksson Flores,WSN,SS,0,1,0,0
1670,sa877337,Gilbert Lara,WSN,SS,0,1,0,0
1671,sa3010342,Jackson Cluff,WSN,SS,0,1,0,0
1672,sa962601,Yasel Antuna,WSN,SS,0,1,0,0
1673,sa3010036,J.T. Arruda,WSN,SS,0,1,0,0
1674,sa3004148,Jordy Barley,WSN,SS,0,1,0,0
1675,sa3004382,José Sánchez,WSN,SS,0,1,0,0
1676,sa3008782,Yoander Rivero,WSN,SS,0,1,0,0
1677,sa3017694,Brady House,WSN,SS,0,1,0,0
1678,sa3015764,Winder Diaz,WSN,SS,0,1,0,0
1679,sa3015695,Armando Cruz,WSN,SS,0,1,0,0
1680,19334,Yadiel Hernandez,WSN,LF,10,40,0,0
1682,15640,Aaron Judge,NA,RF,150,674,0,6.7
1683,14162,Carlos Correa,NA,SS,147,647,0,5.2
1684,16252,Trea Turner,NA,SS,150,687,0,4.7
1685,12927,Brandon Nimmo,NA,CF,150,689,0,4.7
1686,12161,Xander Bogaerts,NA,SS,149,648,0,4.5
1687,18314,Dansby Swanson,NA,SS,150,641,0,3.2
1688,11609,Willson Contreras,NA,C,122,543,0,3.1
1690,5933,Jean Segura,NA,2B,130,555,0,2.6
1692,3473,Anthony Rizzo,NA,1B,131,587,0,2.4
1693,15676,José Abreu,NA,1B,150,650,0,2.4
1694,17901,Andrew Benintendi,NA,LF,130,567,0,2.3
1695,13338,Omar Narváez,NA,C,100,410,0,2.2
1696,9774,Christian Vázquez,NA,C,96,385,0,2.1
1697,14274,Mitch Haniger,NA,RF,134,606,0,2
1698,13145,Josh Bell,NA,1B,139,599,0,1.9
1699,8709,Elvis Andrus,NA,SS,122,498,0,1.9
1700,15223,Adam Frazier,NA,2B,130,557,0,1.8
1701,11899,Joc Pederson,NA,LF,122,532,0,1.8
1702,13265,Mike Zunino,NA,C,80,313,0,1.7
1703,11615,Brandon Drury,NA,3B,131,563,0,1.7
1704,10231,José Iglesias,NA,SS,110,454,0,1.5
1705,10815,Jurickson Profar,NA,LF,134,580,0,1.5
1706,4106,Michael Brantley,NA,LF,109,486,0,1.5
1708,2900,Roberto Perez,NA,C,78,308,0,1.4
1709,12325,Jace Peterson,NA,3B,91,373,0,1.2
1710,15937,Aledmys Díaz,NA,SS,87,364,0,1.2
1713,14128,Joey Gallo,NA,LF,104,429,0,1.1
1714,12976,Austin Hedges,NA,C,74,284,0,1
1715,13807,Kevin Plawecki,NA,C,54,214,0,1
1716,9256,AJ Pollock,NA,LF,120,500,0,1
1717,10200,Tucker Barnhart,NA,C,78,306,0,0.9
1718,11442,Gary Sanchez,NA,C,82,331,0,0.9
1719,2396,Carlos Santana,NA,1B,117,495,0,0.9
1720,10264,Brandon Belt,NA,1B,94,407,0,0.9
1721,2136,David Peralta,NA,LF,115,487,0,0.9
1726,10047,Wil Myers,NA,RF,96,391,0,0.8
1727,6184,J.D. Martinez,NA,DH,141,610,0,0.8
1728,8623,Donovan Solano,NA,2B,73,303,0,0.8
1729,10556,César Hernández,NA,2B,97,430,0,0.7
1730,12160,Ben Gamel,NA,LF,78,330,0,0.7
1731,8090,Matt Carpenter,NA,RF,109,436,0,0.7
1733,9847,Andrew McCutchen,NA,LF,125,541,0,0.7
1735,12510,Curt Casali,NA,C,60,237,0,0.6
1736,12282,Rougned Odor,NA,2B,84,339,0,0.6
1737,13329,Jake Lamb,NA,LF,150,610,0,0.6
1740,19198,Yuli Gurriel,NA,1B,125,529,0,0.5
1742,13836,Matt Duffy,NA,3B,76,314,0,0.5
1743,6012,Didi Gregorius,NA,SS,49,198,0,0.5
1744,10847,Andrelton Simmons,NA,SS,66,255,0,0.5
1745,13359,Tyler Naquin,NA,RF,96,400,0,0.5
1746,12981,Cam Gallagher,NA,C,30,120,0,0.4
1747,11342,Jesús Aguilar,NA,1B,84,366,0,0.4
1748,11902,Hanser Alberto,NA,2B,60,242,0,0.4
1749,10762,Corey Dickerson,NA,LF,75,311,0,0.4
1750,5254,Robbie Grossman,NA,LF,96,414,0,0.4
1751,11476,Odúbel Herrera,NA,CF,42,175,0,0.4
1754,14523,Pedro Severino,NA,C,42,171,0,0.3
1756,14950,Johan Camargo,NA,SS,24,95,0,0.3
1757,10950,Adam Duvall,NA,LF,79,325,0,0.3
1758,15191,Chad Pinder,NA,LF,83,348,0,0.3
1759,12434,Kevin Pillar,NA,LF,50,202,0,0.3
1762,2434,Nelson Cruz,NA,DH,97,421,0,0.3
1764,8418,Ehire Adrianza,NA,3B,63,251,0,0.2
1766,6310,Alcides Escobar,NA,SS,44,184,0,0.2
1767,12984,Jackie Bradley Jr.,NA,CF,63,248,0,0.2
1769,17838,Willie Calhoun,NA,DH,36,149,0,0.2
1770,5273,Sandy Leon,NA,C,32,124,0,0.1
1771,5497,Marwin Gonzalez,NA,SS,34,137,0,0.1
1772,15104,Jonathan Davis,NA,CF,16,64,0,0.1
1773,14735,Brett Phillips,NA,CF,40,160,0,0.1
1774,14553,Nomar Mazara,NA,RF,23,93,0,0.1
1776,17161,Chad Wallach,NA,C,2,6,0,0
1777,15766,Raudy Read,NA,C,0,1,0,0
1778,10619,David Freitas,NA,C,0,1,0,0
1779,sa3005394,Lorenzo Quintana,NA,C,0,1,0,0
1780,sa829058,Jamie Ritchie,NA,C,0,1,0,0
1781,16925,Aramis Garcia,NA,C,0,1,0,0
1782,13132,Andrew Susac,NA,C,0,1,0,0
1783,sa918049,Michael Cruz,NA,C,0,1,0,0
1784,sa548359,Roberto Peña,NA,C,0,1,0,0
1785,15608,Willians Astudillo,NA,C,0,1,0,0
1786,7476,Alex Avila,NA,C,0,1,0,0
1787,sa736923,Jhon Nuñez,NA,C,0,1,0,0
1788,12782,Taylor Davis,NA,C,0,1,0,0
1789,sa492636,Martin Cervenka,NA,C,0,1,0,0
1790,sa658013,Ronnie Freeman,NA,C,0,1,0,0
1791,sa827953,Melvin Novoa,NA,C,0,1,0,0
1792,sa828313,Roldani Baldwin,NA,C,0,1,0,0
1793,8609,Tim Federowicz,NA,C,0,1,0,0
1794,sa918279,Brady Policelli,NA,C,0,1,0,0
1795,sa885119,Bryan Torres,NA,C,0,1,0,0
1796,15808,José Godoy,NA,C,0,1,0,0
1797,sa3006846,David Sheaffer,NA,C,0,1,0,0
1798,5398,Juan Graterol,NA,C,0,1,0,0
1799,sa875583,Christian Kelley,NA,C,0,1,0,0
1800,1433,Wilson Ramos,NA,C,0,1,0,0
1801,sa738507,Edgar Cabral,NA,C,0,1,0,0
1802,9284,Chris Herrmann,NA,C,0,1,0,0
1803,9433,Dustin Garneau,NA,C,0,1,0,0
1804,sa737214,Carlos Martínez,NA,C,0,1,0,0
1805,sa548189,Kellin Deglan,NA,C,0,1,0,0
1806,19245,Chris Okey,NA,C,0,1,0,0
1807,sa874791,Chris Betts,NA,C,0,1,0,0
1808,sa3004255,Renae Martinez,NA,C,0,1,0,0
1809,8722,Jason Castro,NA,C,0,1,0,0
1810,sa876102,Collin Theroux,NA,C,0,1,0,0
1811,sa829684,Chris Hudgins,NA,C,0,1,0,0
1812,sa829276,Gianpaul Gonzalez,NA,C,0,1,0,0
1813,4243,Jose Lobaton,NA,C,0,1,0,0
1814,sa3006789,Alex Holderbach,NA,C,0,1,0,0
1815,7870,Jonathan Lucroy,NA,C,0,1,0,0
1816,3648,René Rivera,NA,C,0,1,0,0
1817,sa915865,Deon Stafford,NA,C,0,1,0,0
1818,sa872828,Javier Guevara,NA,C,0,1,0,0
1819,sa3006785,Gunnar Troutwine,NA,C,0,1,0,0
1820,sa3006938,Logan Brown,NA,C,0,1,0,0
1821,10533,Rocky Gale,NA,C,0,1,0,0
1822,12284,Kevan Smith,NA,C,0,1,0,0
1823,11287,Bryan Holaday,NA,C,0,1,0,0
1824,sa3010160,Jaxx Groshans,NA,C,0,1,0,0
1825,sa900974,Carlos Soto,NA,C,0,1,0,0
1826,sa3006854,William Hancock,NA,C,0,1,0,0
1827,8259,Kurt Suzuki,NA,C,0,1,0,0
1828,sa827344,Chris Chinea,NA,C,0,1,0,0
1829,sa918101,Nate Nolan,NA,C,0,1,0,0
1830,15535,Joseph Odom,NA,C,0,1,0,0
1831,sa3009893,Luis Trevino,NA,C,0,1,0,0
1832,5491,Austin Romine,NA,C,0,1,0,0
1833,sa3004510,Austin Bernard,NA,C,0,1,0,0
1834,sa602817,Nate Esposito,NA,C,0,1,0,0
1835,3448,Jeff Mathis,NA,C,0,1,0,0
1836,sa3007062,Christopher Proctor,NA,C,0,1,0,0
1837,sa3002710,Juan Aparicio,NA,C,0,1,0,0
1838,sa3007077,Rusber Estrada,NA,C,0,1,0,0
1839,sa3018598,Sandro Gaston,NA,C,0,1,0,0
1840,sa3007073,Dean Nevarez,NA,C,0,1,0,0
1841,sa917737,Marco Hernandez,NA,C,0,1,0,0
1842,sa3010584,Cooper Johnson,NA,C,0,1,0,0
1843,sa3011327,Dustin Skelton,NA,C,0,1,0,0
1844,sa873181,Raul Hernandez,NA,C,0,1,0,0
1845,sa3015607,Carlos Rojas,NA,C,0,1,0,0
1846,sa827140,Kyle Overstreet,NA,C,0,1,0,0
1847,sa918102,Alan Marrero,NA,C,0,1,0,0
1848,13176,Blake Swihart,NA,C,0,1,0,0
1849,sa873330,Andres Guerra,NA,C,0,1,0,0
1850,sa877334,Ricardo Rodriguez,NA,C,0,1,0,0
1851,3411,Drew Butera,NA,C,0,1,0,0
1852,5000,Stephen Vogt,NA,C,0,1,0,0
1853,sa828363,Keinner Piña,NA,C,0,1,0,0
1854,sa3006424,Rodolfo Bone,NA,C,0,1,0,0
1855,sa872495,Jose Rivas,NA,C,0,1,0,0
1856,sa3018471,Jose Cedeno,NA,C,0,1,0,0
1857,sa829275,Isaias Quiroz,NA,C,0,1,0,0
1858,sa3004150,Victor Ruiz,NA,C,0,1,0,0
1859,sa918726,Joey Roach,NA,C,0,1,0,0
1860,sa875776,Josh Rolette,NA,C,0,1,0,0
1861,sa659079,Austin Rei,NA,C,0,1,0,0
1862,sa3010270,Kyle Wilkie,NA,C,0,1,0,0
1863,sa828381,Dennis Ortega,NA,C,0,1,0,0
1864,sa3011153,Allan Berríos,NA,C,0,1,0,0
1865,9308,Josh Phegley,NA,C,0,1,0,0
1866,sa3015143,Brady Smith,NA,C,0,1,0,0
1867,sa1169879,Jonathan Embry,NA,C,0,1,0,0
1868,sa873350,Jose Tello,NA,C,0,1,0,0
1869,sa3003408,Cristhian Longa,NA,C,0,1,0,0
1870,sa917754,Miguel Jerez,NA,C,0,1,0,0
1871,sa3003213,Felix Familia,NA,C,0,1,0,0
1872,sa3008190,Juan Paulino,NA,C,0,1,0,0
1873,sa3005725,Jesus Orecchia,NA,C,0,1,0,0
1874,sa3016132,Mario Melendez,NA,C,0,1,0,0
1875,sa3003385,Junior Melo,NA,C,0,1,0,0
1876,14942,Andrew Knapp,NA,C,23,91,0,0
1877,16909,Colin Moran,NA,1B,23,94,0,0
1879,15170,Josh VanMeter,NA,1B,0,1,0,0
1880,15351,Frank Schwindel,NA,1B,0,1,0,0
1881,14388,Ronald Guzmán,NA,1B,0,1,0,0
1882,15585,Mike Ford,NA,1B,0,1,0,0
1883,17321,Michael Chavis,NA,1B,0,1,0,0
1884,15697,Gosuke Katoh,NA,1B,0,1,0,0
1885,17278,Bobby Bradley,NA,1B,0,1,0,0
1886,5000,Stephen Vogt,NA,1B,0,1,0,0
1888,15730,Tyler Wade,NA,2B,2,6,0,0
1889,15608,Willians Astudillo,NA,2B,0,1,0,0
1890,15170,Josh VanMeter,NA,2B,0,1,0,0
1891,17736,Richie Martin,NA,2B,0,1,0,0
1892,14320,Wilmer Difo,NA,2B,0,1,0,0
1893,10953,Phil Gosselin,NA,2B,0,1,0,0
1894,13472,Christian Lopes,NA,2B,0,1,0,0
1895,11602,Carlos Sanchez,NA,2B,0,1,0,0
1896,15697,Gosuke Katoh,NA,2B,0,1,0,0
1897,3298,Charlie Culberson,NA,3B,32,129,0,0
1899,7226,Matt Davidson,NA,3B,0,1,0,0
1900,15608,Willians Astudillo,NA,3B,0,1,0,0
1901,19331,Jose Rojas,NA,3B,0,1,0,0
1902,16959,Eddy Alvarez,NA,3B,0,1,0,0
1903,12179,Maikel Franco,NA,3B,0,1,0,0
1904,17468,Kelvin Gutiérrez,NA,3B,0,1,0,0
1905,10953,Phil Gosselin,NA,3B,0,1,0,0
1906,17642,JT Riddle,NA,3B,0,1,0,0
1907,17807,Drew Jackson,NA,3B,0,1,0,0
1908,13325,Deven Marrero,NA,3B,0,1,0,0
1909,4418,Jed Lowrie,NA,2B,6,28,0,0
1910,11472,Dixon Machado,NA,SS,5,19,0,0
1911,12092,Niko Goodrum,NA,SS,6,27,0,0
1913,14556,Max Moroff,NA,SS,0,1,0,0
1914,sa738204,Daniel Pinero,NA,SS,0,1,0,0
1915,14140,José Rondón,NA,SS,0,1,0,0
1916,6609,Freddy Galvis,NA,SS,0,1,0,0
1917,sa873984,C.J. Chatham,NA,SS,0,1,0,0
1918,sa602586,David Masters,NA,SS,0,1,0,0
1919,sa877497,Arquímedes Gamboa,NA,SS,0,1,0,0
1920,10416,Wilfredo Tovar,NA,SS,0,1,0,0
1921,sa877608,Peter Maris,NA,SS,0,1,0,0
1922,sa872750,Miguelangel Sierra,NA,SS,0,1,0,0
1923,sa875729,Chad De La Guerra,NA,SS,0,1,0,0
1924,sa735861,Rayder Ascanio,NA,SS,0,1,0,0
1925,4579,Starlin Castro,NA,SS,0,1,0,0
1926,17736,Richie Martin,NA,SS,0,1,0,0
1927,19909,Anderson Tejeda,NA,SS,0,1,0,0
1928,sa827960,Luis Carpio,NA,SS,0,1,0,0
1929,11400,Ronald Torreyes,NA,SS,0,1,0,0
1930,7949,Tim Beckham,NA,SS,0,1,0,0
1931,sa658966,Mikey White,NA,SS,0,1,0,0
1932,14320,Wilmer Difo,NA,SS,0,1,0,0
1933,sa830140,Carlos Herrera,NA,SS,0,1,0,0
1934,10459,Adeiny Hechavarria,NA,SS,0,1,0,0
1935,16411,Richard Urena,NA,SS,0,1,0,0
1936,sa915707,Kevin Merrell,NA,SS,0,1,0,0
1937,sa872730,Edwin Figuera,NA,SS,0,1,0,0
1938,sa827970,Manuel Geraldo,NA,SS,0,1,0,0
1939,sa872571,Edgardo Fermin,NA,SS,0,1,0,0
1940,11155,Elliot Soto,NA,SS,0,1,0,0
1941,sa736875,Luis Gonzalez,NA,SS,0,1,0,0
1942,sa872851,Imeldo Diaz,NA,SS,0,1,0,0
1943,sa735846,Grenny Cumana,NA,SS,0,1,0,0
1944,sa657479,Malquin Canelo,NA,SS,0,1,0,0
1945,14515,Luis Marté,NA,SS,0,1,0,0
1946,sa3008030,AJ Graffanino,NA,SS,0,1,0,0
1947,17642,JT Riddle,NA,SS,0,1,0,0
1948,6547,Jordy Mercer,NA,SS,0,1,0,0
1949,15519,Franklin Barreto,NA,SS,0,1,0,0
1950,sa3002696,Alexander Hernandez,NA,SS,0,1,0,0
1951,sa3010280,Jake Hoover,NA,SS,0,1,0,0
1952,sa828299,Osvaldo Duarte,NA,SS,0,1,0,0
1953,sa3011423,Ethan Paul,NA,SS,0,1,0,0
1954,5519,Rubén Tejada,NA,SS,0,1,0,0
1955,sa3006724,Grant Williams,NA,SS,0,1,0,0
1956,sa708444,Galli Cribbs Jr.,NA,SS,0,1,0,0
1957,sa3006791,Connor Kopach,NA,SS,0,1,0,0
1958,sa657398,Osvaldo Abreu,NA,SS,0,1,0,0
1959,sa917025,Cristian Perez,NA,SS,0,1,0,0
1960,sa857840,Kyle Holder,NA,SS,0,1,0,0
1961,sa857225,Ryan Howard,NA,SS,0,1,0,0
1962,13325,Deven Marrero,NA,SS,0,1,0,0
1963,sa828686,Justin Twine,NA,SS,0,1,0,0
1964,sa3003184,Yerdel Vargas,NA,SS,0,1,0,0
1965,sa922180,Alfredo Rodriguez,NA,SS,0,1,0,0
1966,sa3004157,Cody Bohanek,NA,SS,0,1,0,0
1967,sa873634,Connor Justus,NA,SS,0,1,0,0
1968,sa875782,Scott Burcham,NA,SS,0,1,0,0
1969,sa829240,Jeremy Rivera,NA,SS,0,1,0,0
1970,sa875336,Yeltsin Encarnacion,NA,SS,0,1,0,0
1971,7290,Jake Elmore,NA,SS,0,1,0,0
1972,sa3018397,Keiner Delgado,NA,SS,0,1,0,0
1973,sa1170420,Elvis Peralta,NA,SS,0,1,0,0
1974,14678,Tzu-Wei Lin,NA,SS,0,1,0,0
1975,2539,Pete Kozma,NA,SS,0,1,0,0
1976,11863,Yadiel Rivera,NA,SS,0,1,0,0
1977,sa3005601,Jose Guzman,NA,SS,0,1,0,0
1978,sa3005522,Derwin Barreto,NA,SS,0,1,0,0
1979,sa917329,Ronny Brito,NA,SS,0,1,0,0
1980,13595,Humberto Arteaga,NA,SS,0,1,0,0
1981,sa3009284,Esmil Torres,NA,SS,0,1,0,0
1982,sa3005489,Antoni Flores,NA,SS,0,1,0,0
1983,sa736621,Johan Cruz,NA,SS,0,1,0,0
1984,sa872509,Marcos Rivera,NA,SS,0,1,0,0
1985,sa877519,Adrian Rondon,NA,SS,0,1,0,0
1986,sa3002708,Jose Tortolero,NA,SS,0,1,0,0
1987,sa877365,Ricky Aracena,NA,SS,0,1,0,0
1988,sa3018565,Echedry Vargas,NA,SS,0,1,0,0
1989,sa3019204,Reylin Perez,NA,SS,0,1,0,0
1990,sa3005546,Roman Ruiz,NA,SS,0,1,0,0
1991,sa829182,Alexis Pantoja,NA,SS,0,1,0,0
1992,sa3003340,Jean Carmona,NA,SS,0,1,0,0
1993,sa3005626,Nestor Heredia,NA,SS,0,1,0,0
1994,sa3010909,Garrett Saunders,NA,SS,0,1,0,0
1995,sa3003178,Reyny Reyes,NA,SS,0,1,0,0
1996,sa3018938,Cristofer Torin,NA,SS,0,1,0,0
1997,sa3008293,Zack Kone,NA,SS,0,1,0,0
1998,sa3009331,Bladimir De La Rosa,NA,SS,0,1,0,0
1999,sa3014890,Anthony Walters,NA,SS,0,1,0,0
2000,sa3018632,Marco Vargas,NA,SS,0,1,0,0
2001,sa3006578,Sander Mora,NA,SS,0,1,0,0
2002,sa3003328,Franklin Soto,NA,SS,0,1,0,0
2003,sa3018529,Ricardo Gonzalez,NA,SS,0,1,0,0
2004,7349,Sean Kazmar Jr.,NA,SS,0,1,0,0
2005,sa3015616,Maycol Justo,NA,SS,0,1,0,0
2006,sa3014881,Jake Boone,NA,SS,0,1,0,0
2007,sa3008378,Albert Jerez,NA,SS,0,1,0,0
2008,sa3009961,Joshua Rivera,NA,SS,0,1,0,0
2009,sa3008927,Densi Meli,NA,SS,0,1,0,0
2010,sa3017122,Geuri Lubo,NA,SS,0,1,0,0
2011,9807,Ryan Goins,NA,SS,0,1,0,0
2012,sa3005481,Wilfri Peralta,NA,SS,0,1,0,0
2013,sa3006886,Jelfry Marte,NA,SS,0,1,0,0
2014,sa3003183,Marcos Brito,NA,SS,0,1,0,0
2015,sa3006913,Lency Delgado,NA,SS,0,1,0,0
2016,sa3002855,Albert Suarez,NA,SS,0,1,0,0
2017,sa3002624,Jesus Feliz,NA,SS,0,1,0,0
2018,sa3009820,Franklin Linares,NA,SS,0,1,0,0
2019,sa3011704,Miguel Droz,NA,SS,0,1,0,0
2020,sa3015595,Jose Sanabria,NA,SS,0,1,0,0
2021,sa3006216,Justin Oferman,NA,SS,0,1,0,0
2022,sa3015627,Yonathan Leon,NA,SS,0,1,0,0
2023,sa3004508,Jecorrah Arnold,NA,SS,0,1,0,0
2024,sa3009311,Luis Zambrano,NA,SS,0,1,0,0
2025,sa3010146,AJ Lee,NA,SS,0,1,0,0
2026,sa3010340,Jalen Greer,NA,SS,0,1,0,0
2027,8203,Dee Strange-Gordon,NA,2B,29,117,0,0
2028,5486,Abraham Almonte,NA,LF,0,1,0,0
2029,19667,Zach Reks,NA,LF,0,1,0,0
2030,12719,Dillon Thomas,NA,LF,0,1,0,0
2031,14329,Anthony Alford,NA,LF,0,1,0,0
2032,7949,Tim Beckham,NA,LF,0,1,0,0
2033,17023,Magneuris Sierra,NA,LF,0,1,0,0
2034,17216,Monte Harrison,NA,LF,0,1,0,0
2035,17719,Steven Duggar,NA,LF,0,1,0,0
2036,19615,Luis Barrera,NA,LF,0,1,0,0
2037,16623,Greg Allen,NA,LF,0,1,0,0
2038,4922,Ender Inciarte,NA,LF,0,1,0,0
2039,17423,Yermín Mercedes,NA,LF,0,1,0,0
2040,17807,Drew Jackson,NA,LF,0,1,0,0
2041,14352,Lewis Brinson,NA,CF,24,101,0,0
2042,9077,Lorenzo Cain,NA,CF,0,1,0,0
2043,5486,Abraham Almonte,NA,CF,0,1,0,0
2044,16285,Michael Hermosillo,NA,CF,0,1,0,0
2045,14109,Albert Almora Jr.,NA,CF,0,1,0,0
2046,14329,Anthony Alford,NA,CF,0,1,0,0
2047,17023,Magneuris Sierra,NA,CF,0,1,0,0
2048,17216,Monte Harrison,NA,CF,0,1,0,0
2049,17719,Steven Duggar,NA,CF,0,1,0,0
2050,17910,Marcus Wilson,NA,CF,0,1,0,0
2051,19552,Jaylin Davis,NA,CF,0,1,0,0
2052,5384,Juan Lagares,NA,CF,0,1,0,0
2053,19331,Jose Rojas,NA,RF,0,1,0,0
2054,16959,Eddy Alvarez,NA,RF,0,1,0,0
2055,12719,Dillon Thomas,NA,RF,0,1,0,0
2056,14109,Albert Almora Jr.,NA,RF,0,1,0,0
2057,14329,Anthony Alford,NA,RF,0,1,0,0
2058,19615,Luis Barrera,NA,RF,0,1,0,0
2059,17910,Marcus Wilson,NA,RF,0,1,0,0
2060,16623,Greg Allen,NA,RF,0,1,0,0
2061,15958,Travis Demeritte,NA,RF,0,1,0,0
2062,19552,Jaylin Davis,NA,RF,0,1,0,0
2063,17710,Matt Beaty,NA,RF,0,1,0,0
2064,18136,Ka'ai Tom,NA,RF,0,1,0,0
2065,17750,Max Schrock,NA,RF,0,1,0,0
2066,5384,Juan Lagares,NA,RF,0,1,0,0
2067,5667,Steven Souza Jr.,NA,RF,0,1,0,0
2068,17807,Drew Jackson,NA,RF,0,1,0,0
2070,7226,Matt Davidson,NA,DH,0,1,0,0
2071,14503,Renato Núñez,NA,DH,0,1,0,0
2072,10839,Rangel Ravelo,NA,DH,0,1,0,0
2073,15351,Frank Schwindel,NA,DH,0,1,0,0
2074,7949,Tim Beckham,NA,DH,0,1,0,0
2075,18881,Curtis Terry,NA,DH,0,1,0,0
2076,15585,Mike Ford,NA,DH,0,1,0,0
2077,17423,Yermín Mercedes,NA,DH,0,1,0,0
2078,9112,Khris Davis,NA,DH,0,1,0,0
2079,18497,ByungHo Park,NA,DH,0,1,0,0
2080,12649,Alex Dickerson,NA,DH,16,67,0,0
2081,5000,Stephen Vogt,NA,DH,0,1,0,0
2082,2151,Edwin Encarnación,NA,DH,0,1,0,0
2083,12164,Miguel Sanó,NA,1B,78,318,0,-0.1
2084,10199,Billy Hamilton,NA,LF,18,73,0,-0.1
2085,11200,Kole Calhoun,NA,RF,71,295,0,-0.1
2086,15983,Jackson Frazier,NA,LF,47,190,0,-0.2
2088,3142,Robinson Chirinos,NA,C,45,177,0,-0.4
